Index,Type,RMSF,System,Run,Run_number,File,Region,Plot_X
1,Protein,1.0312,WT,run1,1,WT_run1_complex_RMSF.dat,Protein,94
2,Protein,1.0462,WT,run1,1,WT_run1_complex_RMSF.dat,Protein,95
3,Protein,1.0912,WT,run1,1,WT_run1_complex_RMSF.dat,Protein,96
4,Protein,1.0879,WT,run1,1,WT_run1_complex_RMSF.dat,Protein,97
5,Protein,1.4321,WT,run1,1,WT_run1_complex_RMSF.dat,Protein,98
6,Protein,1.3422,WT,run1,1,WT_run1_complex_RMSF.dat,Protein,99
7,Protein,1.1235,WT,run1,1,WT_run1_complex_RMSF.dat,Protein,100
8,Protein,1.3111,WT,run1,1,WT_run1_complex_RMSF.dat,Protein,101
9,Protein,1.488,WT,run1,1,WT_run1_complex_RMSF.dat,Protein,102
10,Protein,1.3716,WT,run1,1,WT_run1_complex_RMSF.dat,Protein,103
11,Protein,1.0601,WT,run1,1,WT_run1_complex_RMSF.dat,Protein,104
12,Protein,0.9884,WT,run1,1,WT_run1_complex_RMSF.dat,Protein,105
13,Protein,0.8476,WT,run1,1,WT_run1_complex_RMSF.dat,Protein,106
14,Protein,0.9201,WT,run1,1,WT_run1_complex_RMSF.dat,Protein,107
15,Protein,0.8794,WT,run1,1,WT_run1_complex_RMSF.dat,Protein,108
16,Protein,1.0355,WT,run1,1,WT_run1_complex_RMSF.dat,Protein,109
17,Protein,1.0885,WT,run1,1,WT_run1_complex_RMSF.dat,Protein,110
18,Protein,1.1378,WT,run1,1,WT_run1_complex_RMSF.dat,Protein,111
19,Protein,1.5797,WT,run1,1,WT_run1_complex_RMSF.dat,Protein,112
20,Protein,1.5165,WT,run1,1,WT_run1_complex_RMSF.dat,Protein,113
21,Protein,1.5395,WT,run1,1,WT_run1_complex_RMSF.dat,Protein,114
22,Protein,1.5608,WT,run1,1,WT_run1_complex_RMSF.dat,Protein,115
23,Protein,1.2495,WT,run1,1,WT_run1_complex_RMSF.dat,Protein,116
24,Protein,1.3324,WT,run1,1,WT_run1_complex_RMSF.dat,Protein,117
25,Protein,1.3541,WT,run1,1,WT_run1_complex_RMSF.dat,Protein,118
26,Protein,1.1417,WT,run1,1,WT_run1_complex_RMSF.dat,Protein,119
27,Protein,0.9434,WT,run1,1,WT_run1_complex_RMSF.dat,Protein,120
28,Protein,0.802,WT,run1,1,WT_run1_complex_RMSF.dat,Protein,121
29,Protein,0.741,WT,run1,1,WT_run1_complex_RMSF.dat,Protein,122
30,Protein,0.756,WT,run1,1,WT_run1_complex_RMSF.dat,Protein,123
31,Protein,0.7798,WT,run1,1,WT_run1_complex_RMSF.dat,Protein,124
32,Protein,0.9484,WT,run1,1,WT_run1_complex_RMSF.dat,Protein,125
33,Protein,1.1021,WT,run1,1,WT_run1_complex_RMSF.dat,Protein,126
34,Protein,1.3672,WT,run1,1,WT_run1_complex_RMSF.dat,Protein,127
35,Protein,1.5953,WT,run1,1,WT_run1_complex_RMSF.dat,Protein,128
36,Protein,1.4411,WT,run1,1,WT_run1_complex_RMSF.dat,Protein,129
37,Protein,1.3306,WT,run1,1,WT_run1_complex_RMSF.dat,Protein,130
38,Protein,1.0848,WT,run1,1,WT_run1_complex_RMSF.dat,Protein,131
39,Protein,0.9113,WT,run1,1,WT_run1_complex_RMSF.dat,Protein,132
40,Protein,1.072,WT,run1,1,WT_run1_complex_RMSF.dat,Protein,133
41,Protein,1.3432,WT,run1,1,WT_run1_complex_RMSF.dat,Protein,134
42,Protein,1.321,WT,run1,1,WT_run1_complex_RMSF.dat,Protein,135
43,Protein,1.5885,WT,run1,1,WT_run1_complex_RMSF.dat,Protein,136
44,Protein,1.532,WT,run1,1,WT_run1_complex_RMSF.dat,Protein,137
45,Protein,1.2493,WT,run1,1,WT_run1_complex_RMSF.dat,Protein,138
46,Protein,1.5538,WT,run1,1,WT_run1_complex_RMSF.dat,Protein,139
47,Protein,1.8621,WT,run1,1,WT_run1_complex_RMSF.dat,Protein,140
48,Protein,1.6531,WT,run1,1,WT_run1_complex_RMSF.dat,Protein,141
49,Protein,1.6724,WT,run1,1,WT_run1_complex_RMSF.dat,Protein,142
50,Protein,2.1255,WT,run1,1,WT_run1_complex_RMSF.dat,Protein,143
51,Protein,2.3555,WT,run1,1,WT_run1_complex_RMSF.dat,Protein,144
52,Protein,2.39,WT,run1,1,WT_run1_complex_RMSF.dat,Protein,145
53,Protein,2.5973,WT,run1,1,WT_run1_complex_RMSF.dat,Protein,146
54,Protein,2.9908,WT,run1,1,WT_run1_complex_RMSF.dat,Protein,147
55,Protein,2.8709,WT,run1,1,WT_run1_complex_RMSF.dat,Protein,148
56,Protein,3.1777,WT,run1,1,WT_run1_complex_RMSF.dat,Protein,149
57,Protein,1.8618,WT,run1,1,WT_run1_complex_RMSF.dat,Protein,150
58,Protein,1.7189,WT,run1,1,WT_run1_complex_RMSF.dat,Protein,151
59,Protein,1.5617,WT,run1,1,WT_run1_complex_RMSF.dat,Protein,152
60,Protein,2.0611,WT,run1,1,WT_run1_complex_RMSF.dat,Protein,153
61,Protein,1.7913,WT,run1,1,WT_run1_complex_RMSF.dat,Protein,154
62,Protein,1.0816,WT,run1,1,WT_run1_complex_RMSF.dat,Protein,155
63,Protein,1.0356,WT,run1,1,WT_run1_complex_RMSF.dat,Protein,156
64,Protein,0.8324,WT,run1,1,WT_run1_complex_RMSF.dat,Protein,157
65,Protein,0.8736,WT,run1,1,WT_run1_complex_RMSF.dat,Protein,158
66,Protein,0.8463,WT,run1,1,WT_run1_complex_RMSF.dat,Protein,159
67,Protein,1.0493,WT,run1,1,WT_run1_complex_RMSF.dat,Protein,160
68,Protein,1.2382,WT,run1,1,WT_run1_complex_RMSF.dat,Protein,161
69,Protein,1.5731,WT,run1,1,WT_run1_complex_RMSF.dat,Protein,162
70,DNA,4.934,WT,run1,1,WT_run1_complex_RMSF.dat,DNA,1
71,DNA,4.0936,WT,run1,1,WT_run1_complex_RMSF.dat,DNA,2
72,DNA,3.4507,WT,run1,1,WT_run1_complex_RMSF.dat,DNA,3
73,DNA,2.8894,WT,run1,1,WT_run1_complex_RMSF.dat,DNA,4
74,DNA,2.347,WT,run1,1,WT_run1_complex_RMSF.dat,DNA,5
75,DNA,1.9303,WT,run1,1,WT_run1_complex_RMSF.dat,DNA,6
76,DNA,1.6969,WT,run1,1,WT_run1_complex_RMSF.dat,DNA,7
77,DNA,1.5852,WT,run1,1,WT_run1_complex_RMSF.dat,DNA,8
78,DNA,1.4449,WT,run1,1,WT_run1_complex_RMSF.dat,DNA,9
79,DNA,1.5805,WT,run1,1,WT_run1_complex_RMSF.dat,DNA,10
80,DNA,1.6901,WT,run1,1,WT_run1_complex_RMSF.dat,DNA,11
81,DNA,1.6443,WT,run1,1,WT_run1_complex_RMSF.dat,DNA,12
82,DNA,1.5343,WT,run1,1,WT_run1_complex_RMSF.dat,DNA,13
83,DNA,1.3946,WT,run1,1,WT_run1_complex_RMSF.dat,DNA,14
84,DNA,1.3008,WT,run1,1,WT_run1_complex_RMSF.dat,DNA,15
85,DNA,1.4555,WT,run1,1,WT_run1_complex_RMSF.dat,DNA,16
86,DNA,1.6764,WT,run1,1,WT_run1_complex_RMSF.dat,DNA,17
87,DNA,1.924,WT,run1,1,WT_run1_complex_RMSF.dat,DNA,18
88,DNA,2.3137,WT,run1,1,WT_run1_complex_RMSF.dat,DNA,19
89,DNA,2.9709,WT,run1,1,WT_run1_complex_RMSF.dat,DNA,20
90,DNA,4.7675,WT,run1,1,WT_run1_complex_RMSF.dat,DNA,21
91,DNA,3.6091,WT,run1,1,WT_run1_complex_RMSF.dat,DNA,22
92,DNA,2.9044,WT,run1,1,WT_run1_complex_RMSF.dat,DNA,23
93,DNA,2.4046,WT,run1,1,WT_run1_complex_RMSF.dat,DNA,24
94,DNA,2.0533,WT,run1,1,WT_run1_complex_RMSF.dat,DNA,25
95,DNA,1.8733,WT,run1,1,WT_run1_complex_RMSF.dat,DNA,26
96,DNA,1.8056,WT,run1,1,WT_run1_complex_RMSF.dat,DNA,27
97,DNA,1.7089,WT,run1,1,WT_run1_complex_RMSF.dat,DNA,28
98,DNA,1.4914,WT,run1,1,WT_run1_complex_RMSF.dat,DNA,29
99,DNA,1.239,WT,run1,1,WT_run1_complex_RMSF.dat,DNA,30
100,DNA,1.1181,WT,run1,1,WT_run1_complex_RMSF.dat,DNA,31
101,DNA,1.3146,WT,run1,1,WT_run1_complex_RMSF.dat,DNA,32
102,DNA,1.3713,WT,run1,1,WT_run1_complex_RMSF.dat,DNA,33
103,DNA,1.4753,WT,run1,1,WT_run1_complex_RMSF.dat,DNA,34
104,DNA,1.5812,WT,run1,1,WT_run1_complex_RMSF.dat,DNA,35
105,DNA,1.669,WT,run1,1,WT_run1_complex_RMSF.dat,DNA,36
106,DNA,1.8152,WT,run1,1,WT_run1_complex_RMSF.dat,DNA,37
107,DNA,2.0341,WT,run1,1,WT_run1_complex_RMSF.dat,DNA,38
108,DNA,2.3086,WT,run1,1,WT_run1_complex_RMSF.dat,DNA,39
109,DNA,2.9593,WT,run1,1,WT_run1_complex_RMSF.dat,DNA,40
1,Protein,1.4166,WT,run2,2,WT_run2_complex_RMSF.dat,Protein,94
2,Protein,1.3604,WT,run2,2,WT_run2_complex_RMSF.dat,Protein,95
3,Protein,1.4144,WT,run2,2,WT_run2_complex_RMSF.dat,Protein,96
4,Protein,1.3333,WT,run2,2,WT_run2_complex_RMSF.dat,Protein,97
5,Protein,1.6648,WT,run2,2,WT_run2_complex_RMSF.dat,Protein,98
6,Protein,1.5766,WT,run2,2,WT_run2_complex_RMSF.dat,Protein,99
7,Protein,1.2964,WT,run2,2,WT_run2_complex_RMSF.dat,Protein,100
8,Protein,1.4983,WT,run2,2,WT_run2_complex_RMSF.dat,Protein,101
9,Protein,1.683,WT,run2,2,WT_run2_complex_RMSF.dat,Protein,102
10,Protein,1.5867,WT,run2,2,WT_run2_complex_RMSF.dat,Protein,103
11,Protein,1.2101,WT,run2,2,WT_run2_complex_RMSF.dat,Protein,104
12,Protein,1.1091,WT,run2,2,WT_run2_complex_RMSF.dat,Protein,105
13,Protein,0.9497,WT,run2,2,WT_run2_complex_RMSF.dat,Protein,106
14,Protein,0.9783,WT,run2,2,WT_run2_complex_RMSF.dat,Protein,107
15,Protein,0.9649,WT,run2,2,WT_run2_complex_RMSF.dat,Protein,108
16,Protein,1.0787,WT,run2,2,WT_run2_complex_RMSF.dat,Protein,109
17,Protein,1.2027,WT,run2,2,WT_run2_complex_RMSF.dat,Protein,110
18,Protein,1.223,WT,run2,2,WT_run2_complex_RMSF.dat,Protein,111
19,Protein,1.6488,WT,run2,2,WT_run2_complex_RMSF.dat,Protein,112
20,Protein,1.5227,WT,run2,2,WT_run2_complex_RMSF.dat,Protein,113
21,Protein,1.5227,WT,run2,2,WT_run2_complex_RMSF.dat,Protein,114
22,Protein,1.7271,WT,run2,2,WT_run2_complex_RMSF.dat,Protein,115
23,Protein,1.5031,WT,run2,2,WT_run2_complex_RMSF.dat,Protein,116
24,Protein,1.5565,WT,run2,2,WT_run2_complex_RMSF.dat,Protein,117
25,Protein,1.6716,WT,run2,2,WT_run2_complex_RMSF.dat,Protein,118
26,Protein,1.3693,WT,run2,2,WT_run2_complex_RMSF.dat,Protein,119
27,Protein,1.0916,WT,run2,2,WT_run2_complex_RMSF.dat,Protein,120
28,Protein,0.8467,WT,run2,2,WT_run2_complex_RMSF.dat,Protein,121
29,Protein,0.8065,WT,run2,2,WT_run2_complex_RMSF.dat,Protein,122
30,Protein,0.7745,WT,run2,2,WT_run2_complex_RMSF.dat,Protein,123
31,Protein,0.8262,WT,run2,2,WT_run2_complex_RMSF.dat,Protein,124
32,Protein,1.0497,WT,run2,2,WT_run2_complex_RMSF.dat,Protein,125
33,Protein,1.2921,WT,run2,2,WT_run2_complex_RMSF.dat,Protein,126
34,Protein,1.6435,WT,run2,2,WT_run2_complex_RMSF.dat,Protein,127
35,Protein,1.9168,WT,run2,2,WT_run2_complex_RMSF.dat,Protein,128
36,Protein,1.7793,WT,run2,2,WT_run2_complex_RMSF.dat,Protein,129
37,Protein,1.5225,WT,run2,2,WT_run2_complex_RMSF.dat,Protein,130
38,Protein,1.1354,WT,run2,2,WT_run2_complex_RMSF.dat,Protein,131
39,Protein,0.9108,WT,run2,2,WT_run2_complex_RMSF.dat,Protein,132
40,Protein,0.97,WT,run2,2,WT_run2_complex_RMSF.dat,Protein,133
41,Protein,1.3579,WT,run2,2,WT_run2_complex_RMSF.dat,Protein,134
42,Protein,1.3012,WT,run2,2,WT_run2_complex_RMSF.dat,Protein,135
43,Protein,1.5991,WT,run2,2,WT_run2_complex_RMSF.dat,Protein,136
44,Protein,1.5172,WT,run2,2,WT_run2_complex_RMSF.dat,Protein,137
45,Protein,1.2345,WT,run2,2,WT_run2_complex_RMSF.dat,Protein,138
46,Protein,1.6524,WT,run2,2,WT_run2_complex_RMSF.dat,Protein,139
47,Protein,1.9501,WT,run2,2,WT_run2_complex_RMSF.dat,Protein,140
48,Protein,1.6956,WT,run2,2,WT_run2_complex_RMSF.dat,Protein,141
49,Protein,1.8149,WT,run2,2,WT_run2_complex_RMSF.dat,Protein,142
50,Protein,2.3119,WT,run2,2,WT_run2_complex_RMSF.dat,Protein,143
51,Protein,2.5147,WT,run2,2,WT_run2_complex_RMSF.dat,Protein,144
52,Protein,2.5058,WT,run2,2,WT_run2_complex_RMSF.dat,Protein,145
53,Protein,2.8803,WT,run2,2,WT_run2_complex_RMSF.dat,Protein,146
54,Protein,3.2484,WT,run2,2,WT_run2_complex_RMSF.dat,Protein,147
55,Protein,3.1018,WT,run2,2,WT_run2_complex_RMSF.dat,Protein,148
56,Protein,2.9466,WT,run2,2,WT_run2_complex_RMSF.dat,Protein,149
57,Protein,2.0195,WT,run2,2,WT_run2_complex_RMSF.dat,Protein,150
58,Protein,1.9976,WT,run2,2,WT_run2_complex_RMSF.dat,Protein,151
59,Protein,1.7789,WT,run2,2,WT_run2_complex_RMSF.dat,Protein,152
60,Protein,2.2274,WT,run2,2,WT_run2_complex_RMSF.dat,Protein,153
61,Protein,1.9724,WT,run2,2,WT_run2_complex_RMSF.dat,Protein,154
62,Protein,1.2415,WT,run2,2,WT_run2_complex_RMSF.dat,Protein,155
63,Protein,1.2819,WT,run2,2,WT_run2_complex_RMSF.dat,Protein,156
64,Protein,1.0454,WT,run2,2,WT_run2_complex_RMSF.dat,Protein,157
65,Protein,1.166,WT,run2,2,WT_run2_complex_RMSF.dat,Protein,158
66,Protein,1.2435,WT,run2,2,WT_run2_complex_RMSF.dat,Protein,159
67,Protein,1.5911,WT,run2,2,WT_run2_complex_RMSF.dat,Protein,160
68,Protein,1.8556,WT,run2,2,WT_run2_complex_RMSF.dat,Protein,161
69,Protein,2.4639,WT,run2,2,WT_run2_complex_RMSF.dat,Protein,162
70,DNA,4.8225,WT,run2,2,WT_run2_complex_RMSF.dat,DNA,1
71,DNA,3.8789,WT,run2,2,WT_run2_complex_RMSF.dat,DNA,2
72,DNA,3.2851,WT,run2,2,WT_run2_complex_RMSF.dat,DNA,3
73,DNA,2.7707,WT,run2,2,WT_run2_complex_RMSF.dat,DNA,4
74,DNA,2.2338,WT,run2,2,WT_run2_complex_RMSF.dat,DNA,5
75,DNA,1.8614,WT,run2,2,WT_run2_complex_RMSF.dat,DNA,6
76,DNA,1.6145,WT,run2,2,WT_run2_complex_RMSF.dat,DNA,7
77,DNA,1.633,WT,run2,2,WT_run2_complex_RMSF.dat,DNA,8
78,DNA,1.5489,WT,run2,2,WT_run2_complex_RMSF.dat,DNA,9
79,DNA,1.738,WT,run2,2,WT_run2_complex_RMSF.dat,DNA,10
80,DNA,1.8659,WT,run2,2,WT_run2_complex_RMSF.dat,DNA,11
81,DNA,1.9134,WT,run2,2,WT_run2_complex_RMSF.dat,DNA,12
82,DNA,1.82,WT,run2,2,WT_run2_complex_RMSF.dat,DNA,13
83,DNA,1.73,WT,run2,2,WT_run2_complex_RMSF.dat,DNA,14
84,DNA,1.6939,WT,run2,2,WT_run2_complex_RMSF.dat,DNA,15
85,DNA,1.7184,WT,run2,2,WT_run2_complex_RMSF.dat,DNA,16
86,DNA,1.7971,WT,run2,2,WT_run2_complex_RMSF.dat,DNA,17
87,DNA,2.0896,WT,run2,2,WT_run2_complex_RMSF.dat,DNA,18
88,DNA,2.6083,WT,run2,2,WT_run2_complex_RMSF.dat,DNA,19
89,DNA,3.3988,WT,run2,2,WT_run2_complex_RMSF.dat,DNA,20
90,DNA,5.248,WT,run2,2,WT_run2_complex_RMSF.dat,DNA,21
91,DNA,4.0819,WT,run2,2,WT_run2_complex_RMSF.dat,DNA,22
92,DNA,3.2907,WT,run2,2,WT_run2_complex_RMSF.dat,DNA,23
93,DNA,2.6862,WT,run2,2,WT_run2_complex_RMSF.dat,DNA,24
94,DNA,2.3153,WT,run2,2,WT_run2_complex_RMSF.dat,DNA,25
95,DNA,2.1206,WT,run2,2,WT_run2_complex_RMSF.dat,DNA,26
96,DNA,2.0065,WT,run2,2,WT_run2_complex_RMSF.dat,DNA,27
97,DNA,1.9015,WT,run2,2,WT_run2_complex_RMSF.dat,DNA,28
98,DNA,1.7551,WT,run2,2,WT_run2_complex_RMSF.dat,DNA,29
99,DNA,1.5674,WT,run2,2,WT_run2_complex_RMSF.dat,DNA,30
100,DNA,1.4966,WT,run2,2,WT_run2_complex_RMSF.dat,DNA,31
101,DNA,1.4954,WT,run2,2,WT_run2_complex_RMSF.dat,DNA,32
102,DNA,1.4197,WT,run2,2,WT_run2_complex_RMSF.dat,DNA,33
103,DNA,1.458,WT,run2,2,WT_run2_complex_RMSF.dat,DNA,34
104,DNA,1.5423,WT,run2,2,WT_run2_complex_RMSF.dat,DNA,35
105,DNA,1.6739,WT,run2,2,WT_run2_complex_RMSF.dat,DNA,36
106,DNA,1.8486,WT,run2,2,WT_run2_complex_RMSF.dat,DNA,37
107,DNA,2.0335,WT,run2,2,WT_run2_complex_RMSF.dat,DNA,38
108,DNA,2.3293,WT,run2,2,WT_run2_complex_RMSF.dat,DNA,39
109,DNA,2.9524,WT,run2,2,WT_run2_complex_RMSF.dat,DNA,40
1,Protein,1.1771,WT,run3,3,WT_run3_complex_RMSF.dat,Protein,94
2,Protein,1.1875,WT,run3,3,WT_run3_complex_RMSF.dat,Protein,95
3,Protein,1.2481,WT,run3,3,WT_run3_complex_RMSF.dat,Protein,96
4,Protein,1.2245,WT,run3,3,WT_run3_complex_RMSF.dat,Protein,97
5,Protein,1.5692,WT,run3,3,WT_run3_complex_RMSF.dat,Protein,98
6,Protein,1.4402,WT,run3,3,WT_run3_complex_RMSF.dat,Protein,99
7,Protein,1.1813,WT,run3,3,WT_run3_complex_RMSF.dat,Protein,100
8,Protein,1.3441,WT,run3,3,WT_run3_complex_RMSF.dat,Protein,101
9,Protein,1.5144,WT,run3,3,WT_run3_complex_RMSF.dat,Protein,102
10,Protein,1.4199,WT,run3,3,WT_run3_complex_RMSF.dat,Protein,103
11,Protein,1.1047,WT,run3,3,WT_run3_complex_RMSF.dat,Protein,104
12,Protein,1.0537,WT,run3,3,WT_run3_complex_RMSF.dat,Protein,105
13,Protein,0.9555,WT,run3,3,WT_run3_complex_RMSF.dat,Protein,106
14,Protein,1.0849,WT,run3,3,WT_run3_complex_RMSF.dat,Protein,107
15,Protein,1.0022,WT,run3,3,WT_run3_complex_RMSF.dat,Protein,108
16,Protein,1.2348,WT,run3,3,WT_run3_complex_RMSF.dat,Protein,109
17,Protein,1.1987,WT,run3,3,WT_run3_complex_RMSF.dat,Protein,110
18,Protein,1.2078,WT,run3,3,WT_run3_complex_RMSF.dat,Protein,111
19,Protein,1.5523,WT,run3,3,WT_run3_complex_RMSF.dat,Protein,112
20,Protein,1.5147,WT,run3,3,WT_run3_complex_RMSF.dat,Protein,113
21,Protein,1.5195,WT,run3,3,WT_run3_complex_RMSF.dat,Protein,114
22,Protein,1.5512,WT,run3,3,WT_run3_complex_RMSF.dat,Protein,115
23,Protein,1.2997,WT,run3,3,WT_run3_complex_RMSF.dat,Protein,116
24,Protein,1.3722,WT,run3,3,WT_run3_complex_RMSF.dat,Protein,117
25,Protein,1.4154,WT,run3,3,WT_run3_complex_RMSF.dat,Protein,118
26,Protein,1.2195,WT,run3,3,WT_run3_complex_RMSF.dat,Protein,119
27,Protein,1.099,WT,run3,3,WT_run3_complex_RMSF.dat,Protein,120
28,Protein,0.9798,WT,run3,3,WT_run3_complex_RMSF.dat,Protein,121
29,Protein,0.9067,WT,run3,3,WT_run3_complex_RMSF.dat,Protein,122
30,Protein,0.9389,WT,run3,3,WT_run3_complex_RMSF.dat,Protein,123
31,Protein,0.9145,WT,run3,3,WT_run3_complex_RMSF.dat,Protein,124
32,Protein,1.0579,WT,run3,3,WT_run3_complex_RMSF.dat,Protein,125
33,Protein,1.1653,WT,run3,3,WT_run3_complex_RMSF.dat,Protein,126
34,Protein,1.4284,WT,run3,3,WT_run3_complex_RMSF.dat,Protein,127
35,Protein,1.6661,WT,run3,3,WT_run3_complex_RMSF.dat,Protein,128
36,Protein,1.5547,WT,run3,3,WT_run3_complex_RMSF.dat,Protein,129
37,Protein,1.4451,WT,run3,3,WT_run3_complex_RMSF.dat,Protein,130
38,Protein,1.224,WT,run3,3,WT_run3_complex_RMSF.dat,Protein,131
39,Protein,1.0789,WT,run3,3,WT_run3_complex_RMSF.dat,Protein,132
40,Protein,1.2835,WT,run3,3,WT_run3_complex_RMSF.dat,Protein,133
41,Protein,1.6335,WT,run3,3,WT_run3_complex_RMSF.dat,Protein,134
42,Protein,1.5141,WT,run3,3,WT_run3_complex_RMSF.dat,Protein,135
43,Protein,1.8371,WT,run3,3,WT_run3_complex_RMSF.dat,Protein,136
44,Protein,1.7349,WT,run3,3,WT_run3_complex_RMSF.dat,Protein,137
45,Protein,1.4009,WT,run3,3,WT_run3_complex_RMSF.dat,Protein,138
46,Protein,1.7347,WT,run3,3,WT_run3_complex_RMSF.dat,Protein,139
47,Protein,2.0363,WT,run3,3,WT_run3_complex_RMSF.dat,Protein,140
48,Protein,1.7763,WT,run3,3,WT_run3_complex_RMSF.dat,Protein,141
49,Protein,1.8033,WT,run3,3,WT_run3_complex_RMSF.dat,Protein,142
50,Protein,2.307,WT,run3,3,WT_run3_complex_RMSF.dat,Protein,143
51,Protein,2.5243,WT,run3,3,WT_run3_complex_RMSF.dat,Protein,144
52,Protein,2.4951,WT,run3,3,WT_run3_complex_RMSF.dat,Protein,145
53,Protein,2.8699,WT,run3,3,WT_run3_complex_RMSF.dat,Protein,146
54,Protein,2.9693,WT,run3,3,WT_run3_complex_RMSF.dat,Protein,147
55,Protein,3.465,WT,run3,3,WT_run3_complex_RMSF.dat,Protein,148
56,Protein,3.1982,WT,run3,3,WT_run3_complex_RMSF.dat,Protein,149
57,Protein,3.3199,WT,run3,3,WT_run3_complex_RMSF.dat,Protein,150
58,Protein,2.3245,WT,run3,3,WT_run3_complex_RMSF.dat,Protein,151
59,Protein,1.7981,WT,run3,3,WT_run3_complex_RMSF.dat,Protein,152
60,Protein,2.1171,WT,run3,3,WT_run3_complex_RMSF.dat,Protein,153
61,Protein,1.8407,WT,run3,3,WT_run3_complex_RMSF.dat,Protein,154
62,Protein,1.0795,WT,run3,3,WT_run3_complex_RMSF.dat,Protein,155
63,Protein,1.0279,WT,run3,3,WT_run3_complex_RMSF.dat,Protein,156
64,Protein,0.8711,WT,run3,3,WT_run3_complex_RMSF.dat,Protein,157
65,Protein,0.9839,WT,run3,3,WT_run3_complex_RMSF.dat,Protein,158
66,Protein,1.0121,WT,run3,3,WT_run3_complex_RMSF.dat,Protein,159
67,Protein,1.3808,WT,run3,3,WT_run3_complex_RMSF.dat,Protein,160
68,Protein,1.9084,WT,run3,3,WT_run3_complex_RMSF.dat,Protein,161
69,Protein,2.4547,WT,run3,3,WT_run3_complex_RMSF.dat,Protein,162
70,DNA,4.8859,WT,run3,3,WT_run3_complex_RMSF.dat,DNA,1
71,DNA,3.9076,WT,run3,3,WT_run3_complex_RMSF.dat,DNA,2
72,DNA,3.3537,WT,run3,3,WT_run3_complex_RMSF.dat,DNA,3
73,DNA,2.8881,WT,run3,3,WT_run3_complex_RMSF.dat,DNA,4
74,DNA,2.2898,WT,run3,3,WT_run3_complex_RMSF.dat,DNA,5
75,DNA,1.9724,WT,run3,3,WT_run3_complex_RMSF.dat,DNA,6
76,DNA,1.7464,WT,run3,3,WT_run3_complex_RMSF.dat,DNA,7
77,DNA,1.3955,WT,run3,3,WT_run3_complex_RMSF.dat,DNA,8
78,DNA,1.4223,WT,run3,3,WT_run3_complex_RMSF.dat,DNA,9
79,DNA,1.6329,WT,run3,3,WT_run3_complex_RMSF.dat,DNA,10
80,DNA,1.6745,WT,run3,3,WT_run3_complex_RMSF.dat,DNA,11
81,DNA,1.6412,WT,run3,3,WT_run3_complex_RMSF.dat,DNA,12
82,DNA,1.5758,WT,run3,3,WT_run3_complex_RMSF.dat,DNA,13
83,DNA,1.4938,WT,run3,3,WT_run3_complex_RMSF.dat,DNA,14
84,DNA,1.4148,WT,run3,3,WT_run3_complex_RMSF.dat,DNA,15
85,DNA,1.4889,WT,run3,3,WT_run3_complex_RMSF.dat,DNA,16
86,DNA,1.6977,WT,run3,3,WT_run3_complex_RMSF.dat,DNA,17
87,DNA,1.9879,WT,run3,3,WT_run3_complex_RMSF.dat,DNA,18
88,DNA,2.3606,WT,run3,3,WT_run3_complex_RMSF.dat,DNA,19
89,DNA,2.9988,WT,run3,3,WT_run3_complex_RMSF.dat,DNA,20
90,DNA,4.8894,WT,run3,3,WT_run3_complex_RMSF.dat,DNA,21
91,DNA,3.7171,WT,run3,3,WT_run3_complex_RMSF.dat,DNA,22
92,DNA,2.9795,WT,run3,3,WT_run3_complex_RMSF.dat,DNA,23
93,DNA,2.4757,WT,run3,3,WT_run3_complex_RMSF.dat,DNA,24
94,DNA,2.1272,WT,run3,3,WT_run3_complex_RMSF.dat,DNA,25
95,DNA,1.9431,WT,run3,3,WT_run3_complex_RMSF.dat,DNA,26
96,DNA,1.8397,WT,run3,3,WT_run3_complex_RMSF.dat,DNA,27
97,DNA,1.7043,WT,run3,3,WT_run3_complex_RMSF.dat,DNA,28
98,DNA,1.5139,WT,run3,3,WT_run3_complex_RMSF.dat,DNA,29
99,DNA,1.2911,WT,run3,3,WT_run3_complex_RMSF.dat,DNA,30
100,DNA,1.2074,WT,run3,3,WT_run3_complex_RMSF.dat,DNA,31
101,DNA,1.3955,WT,run3,3,WT_run3_complex_RMSF.dat,DNA,32
102,DNA,1.5093,WT,run3,3,WT_run3_complex_RMSF.dat,DNA,33
103,DNA,1.642,WT,run3,3,WT_run3_complex_RMSF.dat,DNA,34
104,DNA,1.619,WT,run3,3,WT_run3_complex_RMSF.dat,DNA,35
105,DNA,1.6756,WT,run3,3,WT_run3_complex_RMSF.dat,DNA,36
106,DNA,1.8393,WT,run3,3,WT_run3_complex_RMSF.dat,DNA,37
107,DNA,2.0542,WT,run3,3,WT_run3_complex_RMSF.dat,DNA,38
108,DNA,2.3727,WT,run3,3,WT_run3_complex_RMSF.dat,DNA,39
109,DNA,3.0655,WT,run3,3,WT_run3_complex_RMSF.dat,DNA,40
1,Protein,3.0381,Arg106Gly,run1,1,Arg106Gly_run1_complex_RMSF.dat,Protein,94
2,Protein,3.1078,Arg106Gly,run1,1,Arg106Gly_run1_complex_RMSF.dat,Protein,95
3,Protein,3.0356,Arg106Gly,run1,1,Arg106Gly_run1_complex_RMSF.dat,Protein,96
4,Protein,2.7868,Arg106Gly,run1,1,Arg106Gly_run1_complex_RMSF.dat,Protein,97
5,Protein,3.0401,Arg106Gly,run1,1,Arg106Gly_run1_complex_RMSF.dat,Protein,98
6,Protein,2.8892,Arg106Gly,run1,1,Arg106Gly_run1_complex_RMSF.dat,Protein,99
7,Protein,1.9456,Arg106Gly,run1,1,Arg106Gly_run1_complex_RMSF.dat,Protein,100
8,Protein,2.0206,Arg106Gly,run1,1,Arg106Gly_run1_complex_RMSF.dat,Protein,101
9,Protein,2.0597,Arg106Gly,run1,1,Arg106Gly_run1_complex_RMSF.dat,Protein,102
10,Protein,1.8006,Arg106Gly,run1,1,Arg106Gly_run1_complex_RMSF.dat,Protein,103
11,Protein,1.2754,Arg106Gly,run1,1,Arg106Gly_run1_complex_RMSF.dat,Protein,104
12,Protein,1.226,Arg106Gly,run1,1,Arg106Gly_run1_complex_RMSF.dat,Protein,105
13,Protein,1.1539,Arg106Gly,run1,1,Arg106Gly_run1_complex_RMSF.dat,Protein,106
14,Protein,1.1749,Arg106Gly,run1,1,Arg106Gly_run1_complex_RMSF.dat,Protein,107
15,Protein,1.1799,Arg106Gly,run1,1,Arg106Gly_run1_complex_RMSF.dat,Protein,108
16,Protein,1.1691,Arg106Gly,run1,1,Arg106Gly_run1_complex_RMSF.dat,Protein,109
17,Protein,1.3156,Arg106Gly,run1,1,Arg106Gly_run1_complex_RMSF.dat,Protein,110
18,Protein,1.3045,Arg106Gly,run1,1,Arg106Gly_run1_complex_RMSF.dat,Protein,111
19,Protein,1.6992,Arg106Gly,run1,1,Arg106Gly_run1_complex_RMSF.dat,Protein,112
20,Protein,1.6059,Arg106Gly,run1,1,Arg106Gly_run1_complex_RMSF.dat,Protein,113
21,Protein,1.5905,Arg106Gly,run1,1,Arg106Gly_run1_complex_RMSF.dat,Protein,114
22,Protein,1.7318,Arg106Gly,run1,1,Arg106Gly_run1_complex_RMSF.dat,Protein,115
23,Protein,1.5102,Arg106Gly,run1,1,Arg106Gly_run1_complex_RMSF.dat,Protein,116
24,Protein,1.6085,Arg106Gly,run1,1,Arg106Gly_run1_complex_RMSF.dat,Protein,117
25,Protein,1.7432,Arg106Gly,run1,1,Arg106Gly_run1_complex_RMSF.dat,Protein,118
26,Protein,1.4692,Arg106Gly,run1,1,Arg106Gly_run1_complex_RMSF.dat,Protein,119
27,Protein,1.2323,Arg106Gly,run1,1,Arg106Gly_run1_complex_RMSF.dat,Protein,120
28,Protein,1.013,Arg106Gly,run1,1,Arg106Gly_run1_complex_RMSF.dat,Protein,121
29,Protein,0.9955,Arg106Gly,run1,1,Arg106Gly_run1_complex_RMSF.dat,Protein,122
30,Protein,0.8695,Arg106Gly,run1,1,Arg106Gly_run1_complex_RMSF.dat,Protein,123
31,Protein,0.8436,Arg106Gly,run1,1,Arg106Gly_run1_complex_RMSF.dat,Protein,124
32,Protein,1.0256,Arg106Gly,run1,1,Arg106Gly_run1_complex_RMSF.dat,Protein,125
33,Protein,1.2715,Arg106Gly,run1,1,Arg106Gly_run1_complex_RMSF.dat,Protein,126
34,Protein,1.7786,Arg106Gly,run1,1,Arg106Gly_run1_complex_RMSF.dat,Protein,127
35,Protein,2.0775,Arg106Gly,run1,1,Arg106Gly_run1_complex_RMSF.dat,Protein,128
36,Protein,1.8214,Arg106Gly,run1,1,Arg106Gly_run1_complex_RMSF.dat,Protein,129
37,Protein,1.5426,Arg106Gly,run1,1,Arg106Gly_run1_complex_RMSF.dat,Protein,130
38,Protein,1.1708,Arg106Gly,run1,1,Arg106Gly_run1_complex_RMSF.dat,Protein,131
39,Protein,0.8924,Arg106Gly,run1,1,Arg106Gly_run1_complex_RMSF.dat,Protein,132
40,Protein,1.007,Arg106Gly,run1,1,Arg106Gly_run1_complex_RMSF.dat,Protein,133
41,Protein,1.4159,Arg106Gly,run1,1,Arg106Gly_run1_complex_RMSF.dat,Protein,134
42,Protein,1.5748,Arg106Gly,run1,1,Arg106Gly_run1_complex_RMSF.dat,Protein,135
43,Protein,1.8473,Arg106Gly,run1,1,Arg106Gly_run1_complex_RMSF.dat,Protein,136
44,Protein,1.5719,Arg106Gly,run1,1,Arg106Gly_run1_complex_RMSF.dat,Protein,137
45,Protein,1.319,Arg106Gly,run1,1,Arg106Gly_run1_complex_RMSF.dat,Protein,138
46,Protein,1.8168,Arg106Gly,run1,1,Arg106Gly_run1_complex_RMSF.dat,Protein,139
47,Protein,2.0434,Arg106Gly,run1,1,Arg106Gly_run1_complex_RMSF.dat,Protein,140
48,Protein,1.7838,Arg106Gly,run1,1,Arg106Gly_run1_complex_RMSF.dat,Protein,141
49,Protein,1.9357,Arg106Gly,run1,1,Arg106Gly_run1_complex_RMSF.dat,Protein,142
50,Protein,2.4803,Arg106Gly,run1,1,Arg106Gly_run1_complex_RMSF.dat,Protein,143
51,Protein,2.7853,Arg106Gly,run1,1,Arg106Gly_run1_complex_RMSF.dat,Protein,144
52,Protein,2.6838,Arg106Gly,run1,1,Arg106Gly_run1_complex_RMSF.dat,Protein,145
53,Protein,2.5207,Arg106Gly,run1,1,Arg106Gly_run1_complex_RMSF.dat,Protein,146
54,Protein,2.8024,Arg106Gly,run1,1,Arg106Gly_run1_complex_RMSF.dat,Protein,147
55,Protein,3.04,Arg106Gly,run1,1,Arg106Gly_run1_complex_RMSF.dat,Protein,148
56,Protein,3.0595,Arg106Gly,run1,1,Arg106Gly_run1_complex_RMSF.dat,Protein,149
57,Protein,2.3531,Arg106Gly,run1,1,Arg106Gly_run1_complex_RMSF.dat,Protein,150
58,Protein,2.6118,Arg106Gly,run1,1,Arg106Gly_run1_complex_RMSF.dat,Protein,151
59,Protein,2.5849,Arg106Gly,run1,1,Arg106Gly_run1_complex_RMSF.dat,Protein,152
60,Protein,2.6068,Arg106Gly,run1,1,Arg106Gly_run1_complex_RMSF.dat,Protein,153
61,Protein,2.1499,Arg106Gly,run1,1,Arg106Gly_run1_complex_RMSF.dat,Protein,154
62,Protein,1.6304,Arg106Gly,run1,1,Arg106Gly_run1_complex_RMSF.dat,Protein,155
63,Protein,1.5221,Arg106Gly,run1,1,Arg106Gly_run1_complex_RMSF.dat,Protein,156
64,Protein,1.2164,Arg106Gly,run1,1,Arg106Gly_run1_complex_RMSF.dat,Protein,157
65,Protein,1.3571,Arg106Gly,run1,1,Arg106Gly_run1_complex_RMSF.dat,Protein,158
66,Protein,1.7945,Arg106Gly,run1,1,Arg106Gly_run1_complex_RMSF.dat,Protein,159
67,Protein,2.6901,Arg106Gly,run1,1,Arg106Gly_run1_complex_RMSF.dat,Protein,160
68,Protein,4.3815,Arg106Gly,run1,1,Arg106Gly_run1_complex_RMSF.dat,Protein,161
69,Protein,6.3168,Arg106Gly,run1,1,Arg106Gly_run1_complex_RMSF.dat,Protein,162
70,DNA,4.8045,Arg106Gly,run1,1,Arg106Gly_run1_complex_RMSF.dat,DNA,1
71,DNA,3.9455,Arg106Gly,run1,1,Arg106Gly_run1_complex_RMSF.dat,DNA,2
72,DNA,3.2378,Arg106Gly,run1,1,Arg106Gly_run1_complex_RMSF.dat,DNA,3
73,DNA,2.6955,Arg106Gly,run1,1,Arg106Gly_run1_complex_RMSF.dat,DNA,4
74,DNA,2.1906,Arg106Gly,run1,1,Arg106Gly_run1_complex_RMSF.dat,DNA,5
75,DNA,1.9631,Arg106Gly,run1,1,Arg106Gly_run1_complex_RMSF.dat,DNA,6
76,DNA,1.6015,Arg106Gly,run1,1,Arg106Gly_run1_complex_RMSF.dat,DNA,7
77,DNA,1.3655,Arg106Gly,run1,1,Arg106Gly_run1_complex_RMSF.dat,DNA,8
78,DNA,1.4679,Arg106Gly,run1,1,Arg106Gly_run1_complex_RMSF.dat,DNA,9
79,DNA,1.6514,Arg106Gly,run1,1,Arg106Gly_run1_complex_RMSF.dat,DNA,10
80,DNA,1.8071,Arg106Gly,run1,1,Arg106Gly_run1_complex_RMSF.dat,DNA,11
81,DNA,1.945,Arg106Gly,run1,1,Arg106Gly_run1_complex_RMSF.dat,DNA,12
82,DNA,1.8396,Arg106Gly,run1,1,Arg106Gly_run1_complex_RMSF.dat,DNA,13
83,DNA,1.8132,Arg106Gly,run1,1,Arg106Gly_run1_complex_RMSF.dat,DNA,14
84,DNA,1.8249,Arg106Gly,run1,1,Arg106Gly_run1_complex_RMSF.dat,DNA,15
85,DNA,1.8194,Arg106Gly,run1,1,Arg106Gly_run1_complex_RMSF.dat,DNA,16
86,DNA,1.8854,Arg106Gly,run1,1,Arg106Gly_run1_complex_RMSF.dat,DNA,17
87,DNA,2.1817,Arg106Gly,run1,1,Arg106Gly_run1_complex_RMSF.dat,DNA,18
88,DNA,2.7852,Arg106Gly,run1,1,Arg106Gly_run1_complex_RMSF.dat,DNA,19
89,DNA,3.8285,Arg106Gly,run1,1,Arg106Gly_run1_complex_RMSF.dat,DNA,20
90,DNA,5.4767,Arg106Gly,run1,1,Arg106Gly_run1_complex_RMSF.dat,DNA,21
91,DNA,4.2345,Arg106Gly,run1,1,Arg106Gly_run1_complex_RMSF.dat,DNA,22
92,DNA,3.4302,Arg106Gly,run1,1,Arg106Gly_run1_complex_RMSF.dat,DNA,23
93,DNA,2.8156,Arg106Gly,run1,1,Arg106Gly_run1_complex_RMSF.dat,DNA,24
94,DNA,2.4369,Arg106Gly,run1,1,Arg106Gly_run1_complex_RMSF.dat,DNA,25
95,DNA,2.2384,Arg106Gly,run1,1,Arg106Gly_run1_complex_RMSF.dat,DNA,26
96,DNA,2.0777,Arg106Gly,run1,1,Arg106Gly_run1_complex_RMSF.dat,DNA,27
97,DNA,1.9561,Arg106Gly,run1,1,Arg106Gly_run1_complex_RMSF.dat,DNA,28
98,DNA,1.8601,Arg106Gly,run1,1,Arg106Gly_run1_complex_RMSF.dat,DNA,29
99,DNA,1.7934,Arg106Gly,run1,1,Arg106Gly_run1_complex_RMSF.dat,DNA,30
100,DNA,1.6258,Arg106Gly,run1,1,Arg106Gly_run1_complex_RMSF.dat,DNA,31
101,DNA,1.5179,Arg106Gly,run1,1,Arg106Gly_run1_complex_RMSF.dat,DNA,32
102,DNA,1.3898,Arg106Gly,run1,1,Arg106Gly_run1_complex_RMSF.dat,DNA,33
103,DNA,1.4232,Arg106Gly,run1,1,Arg106Gly_run1_complex_RMSF.dat,DNA,34
104,DNA,1.4929,Arg106Gly,run1,1,Arg106Gly_run1_complex_RMSF.dat,DNA,35
105,DNA,1.6613,Arg106Gly,run1,1,Arg106Gly_run1_complex_RMSF.dat,DNA,36
106,DNA,1.8942,Arg106Gly,run1,1,Arg106Gly_run1_complex_RMSF.dat,DNA,37
107,DNA,2.127,Arg106Gly,run1,1,Arg106Gly_run1_complex_RMSF.dat,DNA,38
108,DNA,2.389,Arg106Gly,run1,1,Arg106Gly_run1_complex_RMSF.dat,DNA,39
109,DNA,2.9564,Arg106Gly,run1,1,Arg106Gly_run1_complex_RMSF.dat,DNA,40
1,Protein,2.1518,Arg106Gly,run2,2,Arg106Gly_run2_complex_RMSF.dat,Protein,94
2,Protein,2.4604,Arg106Gly,run2,2,Arg106Gly_run2_complex_RMSF.dat,Protein,95
3,Protein,2.663,Arg106Gly,run2,2,Arg106Gly_run2_complex_RMSF.dat,Protein,96
4,Protein,2.2383,Arg106Gly,run2,2,Arg106Gly_run2_complex_RMSF.dat,Protein,97
5,Protein,2.4244,Arg106Gly,run2,2,Arg106Gly_run2_complex_RMSF.dat,Protein,98
6,Protein,2.2074,Arg106Gly,run2,2,Arg106Gly_run2_complex_RMSF.dat,Protein,99
7,Protein,1.5146,Arg106Gly,run2,2,Arg106Gly_run2_complex_RMSF.dat,Protein,100
8,Protein,1.5474,Arg106Gly,run2,2,Arg106Gly_run2_complex_RMSF.dat,Protein,101
9,Protein,1.6504,Arg106Gly,run2,2,Arg106Gly_run2_complex_RMSF.dat,Protein,102
10,Protein,1.6543,Arg106Gly,run2,2,Arg106Gly_run2_complex_RMSF.dat,Protein,103
11,Protein,1.2168,Arg106Gly,run2,2,Arg106Gly_run2_complex_RMSF.dat,Protein,104
12,Protein,1.3546,Arg106Gly,run2,2,Arg106Gly_run2_complex_RMSF.dat,Protein,105
13,Protein,1.2378,Arg106Gly,run2,2,Arg106Gly_run2_complex_RMSF.dat,Protein,106
14,Protein,1.1372,Arg106Gly,run2,2,Arg106Gly_run2_complex_RMSF.dat,Protein,107
15,Protein,1.1039,Arg106Gly,run2,2,Arg106Gly_run2_complex_RMSF.dat,Protein,108
16,Protein,1.0505,Arg106Gly,run2,2,Arg106Gly_run2_complex_RMSF.dat,Protein,109
17,Protein,1.1283,Arg106Gly,run2,2,Arg106Gly_run2_complex_RMSF.dat,Protein,110
18,Protein,1.1192,Arg106Gly,run2,2,Arg106Gly_run2_complex_RMSF.dat,Protein,111
19,Protein,1.3662,Arg106Gly,run2,2,Arg106Gly_run2_complex_RMSF.dat,Protein,112
20,Protein,1.4384,Arg106Gly,run2,2,Arg106Gly_run2_complex_RMSF.dat,Protein,113
21,Protein,1.5007,Arg106Gly,run2,2,Arg106Gly_run2_complex_RMSF.dat,Protein,114
22,Protein,1.6423,Arg106Gly,run2,2,Arg106Gly_run2_complex_RMSF.dat,Protein,115
23,Protein,1.4002,Arg106Gly,run2,2,Arg106Gly_run2_complex_RMSF.dat,Protein,116
24,Protein,1.4202,Arg106Gly,run2,2,Arg106Gly_run2_complex_RMSF.dat,Protein,117
25,Protein,1.4599,Arg106Gly,run2,2,Arg106Gly_run2_complex_RMSF.dat,Protein,118
26,Protein,1.2591,Arg106Gly,run2,2,Arg106Gly_run2_complex_RMSF.dat,Protein,119
27,Protein,1.1079,Arg106Gly,run2,2,Arg106Gly_run2_complex_RMSF.dat,Protein,120
28,Protein,0.9429,Arg106Gly,run2,2,Arg106Gly_run2_complex_RMSF.dat,Protein,121
29,Protein,0.9454,Arg106Gly,run2,2,Arg106Gly_run2_complex_RMSF.dat,Protein,122
30,Protein,0.8234,Arg106Gly,run2,2,Arg106Gly_run2_complex_RMSF.dat,Protein,123
31,Protein,0.8728,Arg106Gly,run2,2,Arg106Gly_run2_complex_RMSF.dat,Protein,124
32,Protein,1.1023,Arg106Gly,run2,2,Arg106Gly_run2_complex_RMSF.dat,Protein,125
33,Protein,1.2698,Arg106Gly,run2,2,Arg106Gly_run2_complex_RMSF.dat,Protein,126
34,Protein,1.6875,Arg106Gly,run2,2,Arg106Gly_run2_complex_RMSF.dat,Protein,127
35,Protein,2.046,Arg106Gly,run2,2,Arg106Gly_run2_complex_RMSF.dat,Protein,128
36,Protein,1.8488,Arg106Gly,run2,2,Arg106Gly_run2_complex_RMSF.dat,Protein,129
37,Protein,1.6283,Arg106Gly,run2,2,Arg106Gly_run2_complex_RMSF.dat,Protein,130
38,Protein,1.2346,Arg106Gly,run2,2,Arg106Gly_run2_complex_RMSF.dat,Protein,131
39,Protein,0.9086,Arg106Gly,run2,2,Arg106Gly_run2_complex_RMSF.dat,Protein,132
40,Protein,0.9328,Arg106Gly,run2,2,Arg106Gly_run2_complex_RMSF.dat,Protein,133
41,Protein,1.2957,Arg106Gly,run2,2,Arg106Gly_run2_complex_RMSF.dat,Protein,134
42,Protein,1.4144,Arg106Gly,run2,2,Arg106Gly_run2_complex_RMSF.dat,Protein,135
43,Protein,1.7621,Arg106Gly,run2,2,Arg106Gly_run2_complex_RMSF.dat,Protein,136
44,Protein,1.5922,Arg106Gly,run2,2,Arg106Gly_run2_complex_RMSF.dat,Protein,137
45,Protein,1.3666,Arg106Gly,run2,2,Arg106Gly_run2_complex_RMSF.dat,Protein,138
46,Protein,1.8798,Arg106Gly,run2,2,Arg106Gly_run2_complex_RMSF.dat,Protein,139
47,Protein,2.1542,Arg106Gly,run2,2,Arg106Gly_run2_complex_RMSF.dat,Protein,140
48,Protein,1.9076,Arg106Gly,run2,2,Arg106Gly_run2_complex_RMSF.dat,Protein,141
49,Protein,2.0566,Arg106Gly,run2,2,Arg106Gly_run2_complex_RMSF.dat,Protein,142
50,Protein,2.5962,Arg106Gly,run2,2,Arg106Gly_run2_complex_RMSF.dat,Protein,143
51,Protein,2.7943,Arg106Gly,run2,2,Arg106Gly_run2_complex_RMSF.dat,Protein,144
52,Protein,2.7052,Arg106Gly,run2,2,Arg106Gly_run2_complex_RMSF.dat,Protein,145
53,Protein,3.1759,Arg106Gly,run2,2,Arg106Gly_run2_complex_RMSF.dat,Protein,146
54,Protein,3.2593,Arg106Gly,run2,2,Arg106Gly_run2_complex_RMSF.dat,Protein,147
55,Protein,3.2004,Arg106Gly,run2,2,Arg106Gly_run2_complex_RMSF.dat,Protein,148
56,Protein,3.3128,Arg106Gly,run2,2,Arg106Gly_run2_complex_RMSF.dat,Protein,149
57,Protein,2.3951,Arg106Gly,run2,2,Arg106Gly_run2_complex_RMSF.dat,Protein,150
58,Protein,2.0476,Arg106Gly,run2,2,Arg106Gly_run2_complex_RMSF.dat,Protein,151
59,Protein,1.846,Arg106Gly,run2,2,Arg106Gly_run2_complex_RMSF.dat,Protein,152
60,Protein,2.4332,Arg106Gly,run2,2,Arg106Gly_run2_complex_RMSF.dat,Protein,153
61,Protein,2.3151,Arg106Gly,run2,2,Arg106Gly_run2_complex_RMSF.dat,Protein,154
62,Protein,1.6363,Arg106Gly,run2,2,Arg106Gly_run2_complex_RMSF.dat,Protein,155
63,Protein,1.478,Arg106Gly,run2,2,Arg106Gly_run2_complex_RMSF.dat,Protein,156
64,Protein,1.1379,Arg106Gly,run2,2,Arg106Gly_run2_complex_RMSF.dat,Protein,157
65,Protein,1.2337,Arg106Gly,run2,2,Arg106Gly_run2_complex_RMSF.dat,Protein,158
66,Protein,1.3953,Arg106Gly,run2,2,Arg106Gly_run2_complex_RMSF.dat,Protein,159
67,Protein,1.908,Arg106Gly,run2,2,Arg106Gly_run2_complex_RMSF.dat,Protein,160
68,Protein,2.1744,Arg106Gly,run2,2,Arg106Gly_run2_complex_RMSF.dat,Protein,161
69,Protein,2.9072,Arg106Gly,run2,2,Arg106Gly_run2_complex_RMSF.dat,Protein,162
70,DNA,4.724,Arg106Gly,run2,2,Arg106Gly_run2_complex_RMSF.dat,DNA,1
71,DNA,3.8252,Arg106Gly,run2,2,Arg106Gly_run2_complex_RMSF.dat,DNA,2
72,DNA,3.1567,Arg106Gly,run2,2,Arg106Gly_run2_complex_RMSF.dat,DNA,3
73,DNA,2.6594,Arg106Gly,run2,2,Arg106Gly_run2_complex_RMSF.dat,DNA,4
74,DNA,2.1028,Arg106Gly,run2,2,Arg106Gly_run2_complex_RMSF.dat,DNA,5
75,DNA,1.7682,Arg106Gly,run2,2,Arg106Gly_run2_complex_RMSF.dat,DNA,6
76,DNA,1.4299,Arg106Gly,run2,2,Arg106Gly_run2_complex_RMSF.dat,DNA,7
77,DNA,1.2277,Arg106Gly,run2,2,Arg106Gly_run2_complex_RMSF.dat,DNA,8
78,DNA,1.4089,Arg106Gly,run2,2,Arg106Gly_run2_complex_RMSF.dat,DNA,9
79,DNA,1.6335,Arg106Gly,run2,2,Arg106Gly_run2_complex_RMSF.dat,DNA,10
80,DNA,1.815,Arg106Gly,run2,2,Arg106Gly_run2_complex_RMSF.dat,DNA,11
81,DNA,1.8859,Arg106Gly,run2,2,Arg106Gly_run2_complex_RMSF.dat,DNA,12
82,DNA,1.7892,Arg106Gly,run2,2,Arg106Gly_run2_complex_RMSF.dat,DNA,13
83,DNA,1.6947,Arg106Gly,run2,2,Arg106Gly_run2_complex_RMSF.dat,DNA,14
84,DNA,1.6768,Arg106Gly,run2,2,Arg106Gly_run2_complex_RMSF.dat,DNA,15
85,DNA,1.7492,Arg106Gly,run2,2,Arg106Gly_run2_complex_RMSF.dat,DNA,16
86,DNA,1.8993,Arg106Gly,run2,2,Arg106Gly_run2_complex_RMSF.dat,DNA,17
87,DNA,2.19,Arg106Gly,run2,2,Arg106Gly_run2_complex_RMSF.dat,DNA,18
88,DNA,2.7068,Arg106Gly,run2,2,Arg106Gly_run2_complex_RMSF.dat,DNA,19
89,DNA,3.7731,Arg106Gly,run2,2,Arg106Gly_run2_complex_RMSF.dat,DNA,20
90,DNA,5.6343,Arg106Gly,run2,2,Arg106Gly_run2_complex_RMSF.dat,DNA,21
91,DNA,4.2238,Arg106Gly,run2,2,Arg106Gly_run2_complex_RMSF.dat,DNA,22
92,DNA,3.2736,Arg106Gly,run2,2,Arg106Gly_run2_complex_RMSF.dat,DNA,23
93,DNA,2.6792,Arg106Gly,run2,2,Arg106Gly_run2_complex_RMSF.dat,DNA,24
94,DNA,2.2933,Arg106Gly,run2,2,Arg106Gly_run2_complex_RMSF.dat,DNA,25
95,DNA,2.0623,Arg106Gly,run2,2,Arg106Gly_run2_complex_RMSF.dat,DNA,26
96,DNA,1.9292,Arg106Gly,run2,2,Arg106Gly_run2_complex_RMSF.dat,DNA,27
97,DNA,1.8533,Arg106Gly,run2,2,Arg106Gly_run2_complex_RMSF.dat,DNA,28
98,DNA,1.7276,Arg106Gly,run2,2,Arg106Gly_run2_complex_RMSF.dat,DNA,29
99,DNA,1.5756,Arg106Gly,run2,2,Arg106Gly_run2_complex_RMSF.dat,DNA,30
100,DNA,1.4366,Arg106Gly,run2,2,Arg106Gly_run2_complex_RMSF.dat,DNA,31
101,DNA,1.4444,Arg106Gly,run2,2,Arg106Gly_run2_complex_RMSF.dat,DNA,32
102,DNA,1.4028,Arg106Gly,run2,2,Arg106Gly_run2_complex_RMSF.dat,DNA,33
103,DNA,1.4044,Arg106Gly,run2,2,Arg106Gly_run2_complex_RMSF.dat,DNA,34
104,DNA,1.5006,Arg106Gly,run2,2,Arg106Gly_run2_complex_RMSF.dat,DNA,35
105,DNA,1.6831,Arg106Gly,run2,2,Arg106Gly_run2_complex_RMSF.dat,DNA,36
106,DNA,1.8224,Arg106Gly,run2,2,Arg106Gly_run2_complex_RMSF.dat,DNA,37
107,DNA,1.9909,Arg106Gly,run2,2,Arg106Gly_run2_complex_RMSF.dat,DNA,38
108,DNA,2.2778,Arg106Gly,run2,2,Arg106Gly_run2_complex_RMSF.dat,DNA,39
109,DNA,2.8722,Arg106Gly,run2,2,Arg106Gly_run2_complex_RMSF.dat,DNA,40
1,Protein,9.9683,Arg106Gly,run3,3,Arg106Gly_run3_complex_RMSF.dat,Protein,94
2,Protein,8.7619,Arg106Gly,run3,3,Arg106Gly_run3_complex_RMSF.dat,Protein,95
3,Protein,6.9183,Arg106Gly,run3,3,Arg106Gly_run3_complex_RMSF.dat,Protein,96
4,Protein,5.4192,Arg106Gly,run3,3,Arg106Gly_run3_complex_RMSF.dat,Protein,97
5,Protein,4.2645,Arg106Gly,run3,3,Arg106Gly_run3_complex_RMSF.dat,Protein,98
6,Protein,2.3288,Arg106Gly,run3,3,Arg106Gly_run3_complex_RMSF.dat,Protein,99
7,Protein,1.6487,Arg106Gly,run3,3,Arg106Gly_run3_complex_RMSF.dat,Protein,100
8,Protein,1.6478,Arg106Gly,run3,3,Arg106Gly_run3_complex_RMSF.dat,Protein,101
9,Protein,1.7499,Arg106Gly,run3,3,Arg106Gly_run3_complex_RMSF.dat,Protein,102
10,Protein,1.5837,Arg106Gly,run3,3,Arg106Gly_run3_complex_RMSF.dat,Protein,103
11,Protein,1.1719,Arg106Gly,run3,3,Arg106Gly_run3_complex_RMSF.dat,Protein,104
12,Protein,1.1918,Arg106Gly,run3,3,Arg106Gly_run3_complex_RMSF.dat,Protein,105
13,Protein,1.0735,Arg106Gly,run3,3,Arg106Gly_run3_complex_RMSF.dat,Protein,106
14,Protein,1.0164,Arg106Gly,run3,3,Arg106Gly_run3_complex_RMSF.dat,Protein,107
15,Protein,0.9652,Arg106Gly,run3,3,Arg106Gly_run3_complex_RMSF.dat,Protein,108
16,Protein,0.9911,Arg106Gly,run3,3,Arg106Gly_run3_complex_RMSF.dat,Protein,109
17,Protein,1.0452,Arg106Gly,run3,3,Arg106Gly_run3_complex_RMSF.dat,Protein,110
18,Protein,1.0135,Arg106Gly,run3,3,Arg106Gly_run3_complex_RMSF.dat,Protein,111
19,Protein,1.2242,Arg106Gly,run3,3,Arg106Gly_run3_complex_RMSF.dat,Protein,112
20,Protein,1.265,Arg106Gly,run3,3,Arg106Gly_run3_complex_RMSF.dat,Protein,113
21,Protein,1.2865,Arg106Gly,run3,3,Arg106Gly_run3_complex_RMSF.dat,Protein,114
22,Protein,1.3796,Arg106Gly,run3,3,Arg106Gly_run3_complex_RMSF.dat,Protein,115
23,Protein,1.1944,Arg106Gly,run3,3,Arg106Gly_run3_complex_RMSF.dat,Protein,116
24,Protein,1.2353,Arg106Gly,run3,3,Arg106Gly_run3_complex_RMSF.dat,Protein,117
25,Protein,1.2753,Arg106Gly,run3,3,Arg106Gly_run3_complex_RMSF.dat,Protein,118
26,Protein,1.1062,Arg106Gly,run3,3,Arg106Gly_run3_complex_RMSF.dat,Protein,119
27,Protein,0.9858,Arg106Gly,run3,3,Arg106Gly_run3_complex_RMSF.dat,Protein,120
28,Protein,0.8223,Arg106Gly,run3,3,Arg106Gly_run3_complex_RMSF.dat,Protein,121
29,Protein,0.8037,Arg106Gly,run3,3,Arg106Gly_run3_complex_RMSF.dat,Protein,122
30,Protein,0.7753,Arg106Gly,run3,3,Arg106Gly_run3_complex_RMSF.dat,Protein,123
31,Protein,0.8243,Arg106Gly,run3,3,Arg106Gly_run3_complex_RMSF.dat,Protein,124
32,Protein,1.0066,Arg106Gly,run3,3,Arg106Gly_run3_complex_RMSF.dat,Protein,125
33,Protein,1.1634,Arg106Gly,run3,3,Arg106Gly_run3_complex_RMSF.dat,Protein,126
34,Protein,1.5132,Arg106Gly,run3,3,Arg106Gly_run3_complex_RMSF.dat,Protein,127
35,Protein,1.8007,Arg106Gly,run3,3,Arg106Gly_run3_complex_RMSF.dat,Protein,128
36,Protein,1.6291,Arg106Gly,run3,3,Arg106Gly_run3_complex_RMSF.dat,Protein,129
37,Protein,1.4498,Arg106Gly,run3,3,Arg106Gly_run3_complex_RMSF.dat,Protein,130
38,Protein,1.1333,Arg106Gly,run3,3,Arg106Gly_run3_complex_RMSF.dat,Protein,131
39,Protein,0.9238,Arg106Gly,run3,3,Arg106Gly_run3_complex_RMSF.dat,Protein,132
40,Protein,0.9969,Arg106Gly,run3,3,Arg106Gly_run3_complex_RMSF.dat,Protein,133
41,Protein,1.4209,Arg106Gly,run3,3,Arg106Gly_run3_complex_RMSF.dat,Protein,134
42,Protein,1.4191,Arg106Gly,run3,3,Arg106Gly_run3_complex_RMSF.dat,Protein,135
43,Protein,1.7298,Arg106Gly,run3,3,Arg106Gly_run3_complex_RMSF.dat,Protein,136
44,Protein,1.6429,Arg106Gly,run3,3,Arg106Gly_run3_complex_RMSF.dat,Protein,137
45,Protein,1.3479,Arg106Gly,run3,3,Arg106Gly_run3_complex_RMSF.dat,Protein,138
46,Protein,1.748,Arg106Gly,run3,3,Arg106Gly_run3_complex_RMSF.dat,Protein,139
47,Protein,2.0645,Arg106Gly,run3,3,Arg106Gly_run3_complex_RMSF.dat,Protein,140
48,Protein,1.7756,Arg106Gly,run3,3,Arg106Gly_run3_complex_RMSF.dat,Protein,141
49,Protein,1.7949,Arg106Gly,run3,3,Arg106Gly_run3_complex_RMSF.dat,Protein,142
50,Protein,2.4189,Arg106Gly,run3,3,Arg106Gly_run3_complex_RMSF.dat,Protein,143
51,Protein,2.811,Arg106Gly,run3,3,Arg106Gly_run3_complex_RMSF.dat,Protein,144
52,Protein,2.7622,Arg106Gly,run3,3,Arg106Gly_run3_complex_RMSF.dat,Protein,145
53,Protein,3.0984,Arg106Gly,run3,3,Arg106Gly_run3_complex_RMSF.dat,Protein,146
54,Protein,3.4105,Arg106Gly,run3,3,Arg106Gly_run3_complex_RMSF.dat,Protein,147
55,Protein,3.0298,Arg106Gly,run3,3,Arg106Gly_run3_complex_RMSF.dat,Protein,148
56,Protein,3.1127,Arg106Gly,run3,3,Arg106Gly_run3_complex_RMSF.dat,Protein,149
57,Protein,2.3769,Arg106Gly,run3,3,Arg106Gly_run3_complex_RMSF.dat,Protein,150
58,Protein,1.9299,Arg106Gly,run3,3,Arg106Gly_run3_complex_RMSF.dat,Protein,151
59,Protein,1.7183,Arg106Gly,run3,3,Arg106Gly_run3_complex_RMSF.dat,Protein,152
60,Protein,2.2016,Arg106Gly,run3,3,Arg106Gly_run3_complex_RMSF.dat,Protein,153
61,Protein,1.9614,Arg106Gly,run3,3,Arg106Gly_run3_complex_RMSF.dat,Protein,154
62,Protein,1.2857,Arg106Gly,run3,3,Arg106Gly_run3_complex_RMSF.dat,Protein,155
63,Protein,1.4233,Arg106Gly,run3,3,Arg106Gly_run3_complex_RMSF.dat,Protein,156
64,Protein,1.0263,Arg106Gly,run3,3,Arg106Gly_run3_complex_RMSF.dat,Protein,157
65,Protein,1.1341,Arg106Gly,run3,3,Arg106Gly_run3_complex_RMSF.dat,Protein,158
66,Protein,1.1205,Arg106Gly,run3,3,Arg106Gly_run3_complex_RMSF.dat,Protein,159
67,Protein,1.339,Arg106Gly,run3,3,Arg106Gly_run3_complex_RMSF.dat,Protein,160
68,Protein,1.5987,Arg106Gly,run3,3,Arg106Gly_run3_complex_RMSF.dat,Protein,161
69,Protein,3.4725,Arg106Gly,run3,3,Arg106Gly_run3_complex_RMSF.dat,Protein,162
70,DNA,4.9637,Arg106Gly,run3,3,Arg106Gly_run3_complex_RMSF.dat,DNA,1
71,DNA,4.12,Arg106Gly,run3,3,Arg106Gly_run3_complex_RMSF.dat,DNA,2
72,DNA,3.1653,Arg106Gly,run3,3,Arg106Gly_run3_complex_RMSF.dat,DNA,3
73,DNA,2.6109,Arg106Gly,run3,3,Arg106Gly_run3_complex_RMSF.dat,DNA,4
74,DNA,2.006,Arg106Gly,run3,3,Arg106Gly_run3_complex_RMSF.dat,DNA,5
75,DNA,1.6314,Arg106Gly,run3,3,Arg106Gly_run3_complex_RMSF.dat,DNA,6
76,DNA,1.3061,Arg106Gly,run3,3,Arg106Gly_run3_complex_RMSF.dat,DNA,7
77,DNA,1.0838,Arg106Gly,run3,3,Arg106Gly_run3_complex_RMSF.dat,DNA,8
78,DNA,1.1855,Arg106Gly,run3,3,Arg106Gly_run3_complex_RMSF.dat,DNA,9
79,DNA,1.419,Arg106Gly,run3,3,Arg106Gly_run3_complex_RMSF.dat,DNA,10
80,DNA,1.5721,Arg106Gly,run3,3,Arg106Gly_run3_complex_RMSF.dat,DNA,11
81,DNA,1.6492,Arg106Gly,run3,3,Arg106Gly_run3_complex_RMSF.dat,DNA,12
82,DNA,1.6198,Arg106Gly,run3,3,Arg106Gly_run3_complex_RMSF.dat,DNA,13
83,DNA,1.6075,Arg106Gly,run3,3,Arg106Gly_run3_complex_RMSF.dat,DNA,14
84,DNA,1.6134,Arg106Gly,run3,3,Arg106Gly_run3_complex_RMSF.dat,DNA,15
85,DNA,1.6362,Arg106Gly,run3,3,Arg106Gly_run3_complex_RMSF.dat,DNA,16
86,DNA,1.74,Arg106Gly,run3,3,Arg106Gly_run3_complex_RMSF.dat,DNA,17
87,DNA,2.0178,Arg106Gly,run3,3,Arg106Gly_run3_complex_RMSF.dat,DNA,18
88,DNA,2.5037,Arg106Gly,run3,3,Arg106Gly_run3_complex_RMSF.dat,DNA,19
89,DNA,3.2737,Arg106Gly,run3,3,Arg106Gly_run3_complex_RMSF.dat,DNA,20
90,DNA,4.9386,Arg106Gly,run3,3,Arg106Gly_run3_complex_RMSF.dat,DNA,21
91,DNA,3.801,Arg106Gly,run3,3,Arg106Gly_run3_complex_RMSF.dat,DNA,22
92,DNA,3.1468,Arg106Gly,run3,3,Arg106Gly_run3_complex_RMSF.dat,DNA,23
93,DNA,2.6241,Arg106Gly,run3,3,Arg106Gly_run3_complex_RMSF.dat,DNA,24
94,DNA,2.2701,Arg106Gly,run3,3,Arg106Gly_run3_complex_RMSF.dat,DNA,25
95,DNA,2.0586,Arg106Gly,run3,3,Arg106Gly_run3_complex_RMSF.dat,DNA,26
96,DNA,1.9423,Arg106Gly,run3,3,Arg106Gly_run3_complex_RMSF.dat,DNA,27
97,DNA,1.8159,Arg106Gly,run3,3,Arg106Gly_run3_complex_RMSF.dat,DNA,28
98,DNA,1.6375,Arg106Gly,run3,3,Arg106Gly_run3_complex_RMSF.dat,DNA,29
99,DNA,1.4836,Arg106Gly,run3,3,Arg106Gly_run3_complex_RMSF.dat,DNA,30
100,DNA,1.1822,Arg106Gly,run3,3,Arg106Gly_run3_complex_RMSF.dat,DNA,31
101,DNA,1.1561,Arg106Gly,run3,3,Arg106Gly_run3_complex_RMSF.dat,DNA,32
102,DNA,1.1839,Arg106Gly,run3,3,Arg106Gly_run3_complex_RMSF.dat,DNA,33
103,DNA,1.2558,Arg106Gly,run3,3,Arg106Gly_run3_complex_RMSF.dat,DNA,34
104,DNA,1.3782,Arg106Gly,run3,3,Arg106Gly_run3_complex_RMSF.dat,DNA,35
105,DNA,1.6022,Arg106Gly,run3,3,Arg106Gly_run3_complex_RMSF.dat,DNA,36
106,DNA,1.7598,Arg106Gly,run3,3,Arg106Gly_run3_complex_RMSF.dat,DNA,37
107,DNA,2.006,Arg106Gly,run3,3,Arg106Gly_run3_complex_RMSF.dat,DNA,38
108,DNA,2.3393,Arg106Gly,run3,3,Arg106Gly_run3_complex_RMSF.dat,DNA,39
109,DNA,2.9331,Arg106Gly,run3,3,Arg106Gly_run3_complex_RMSF.dat,DNA,40
1,Protein,4.7306,Arg106Leu,run1,1,Arg106Leu_run1_complex_RMSF.dat,Protein,94
2,Protein,4.7358,Arg106Leu,run1,1,Arg106Leu_run1_complex_RMSF.dat,Protein,95
3,Protein,4.2924,Arg106Leu,run1,1,Arg106Leu_run1_complex_RMSF.dat,Protein,96
4,Protein,3.6476,Arg106Leu,run1,1,Arg106Leu_run1_complex_RMSF.dat,Protein,97
5,Protein,2.9768,Arg106Leu,run1,1,Arg106Leu_run1_complex_RMSF.dat,Protein,98
6,Protein,3.0804,Arg106Leu,run1,1,Arg106Leu_run1_complex_RMSF.dat,Protein,99
7,Protein,2.3121,Arg106Leu,run1,1,Arg106Leu_run1_complex_RMSF.dat,Protein,100
8,Protein,2.0228,Arg106Leu,run1,1,Arg106Leu_run1_complex_RMSF.dat,Protein,101
9,Protein,2.0312,Arg106Leu,run1,1,Arg106Leu_run1_complex_RMSF.dat,Protein,102
10,Protein,1.8233,Arg106Leu,run1,1,Arg106Leu_run1_complex_RMSF.dat,Protein,103
11,Protein,1.2527,Arg106Leu,run1,1,Arg106Leu_run1_complex_RMSF.dat,Protein,104
12,Protein,1.5535,Arg106Leu,run1,1,Arg106Leu_run1_complex_RMSF.dat,Protein,105
13,Protein,1.4413,Arg106Leu,run1,1,Arg106Leu_run1_complex_RMSF.dat,Protein,106
14,Protein,1.5737,Arg106Leu,run1,1,Arg106Leu_run1_complex_RMSF.dat,Protein,107
15,Protein,1.3489,Arg106Leu,run1,1,Arg106Leu_run1_complex_RMSF.dat,Protein,108
16,Protein,1.2495,Arg106Leu,run1,1,Arg106Leu_run1_complex_RMSF.dat,Protein,109
17,Protein,1.2263,Arg106Leu,run1,1,Arg106Leu_run1_complex_RMSF.dat,Protein,110
18,Protein,1.2799,Arg106Leu,run1,1,Arg106Leu_run1_complex_RMSF.dat,Protein,111
19,Protein,1.7241,Arg106Leu,run1,1,Arg106Leu_run1_complex_RMSF.dat,Protein,112
20,Protein,2.1139,Arg106Leu,run1,1,Arg106Leu_run1_complex_RMSF.dat,Protein,113
21,Protein,2.1247,Arg106Leu,run1,1,Arg106Leu_run1_complex_RMSF.dat,Protein,114
22,Protein,1.9319,Arg106Leu,run1,1,Arg106Leu_run1_complex_RMSF.dat,Protein,115
23,Protein,1.5528,Arg106Leu,run1,1,Arg106Leu_run1_complex_RMSF.dat,Protein,116
24,Protein,1.6142,Arg106Leu,run1,1,Arg106Leu_run1_complex_RMSF.dat,Protein,117
25,Protein,1.7941,Arg106Leu,run1,1,Arg106Leu_run1_complex_RMSF.dat,Protein,118
26,Protein,1.3506,Arg106Leu,run1,1,Arg106Leu_run1_complex_RMSF.dat,Protein,119
27,Protein,1.1391,Arg106Leu,run1,1,Arg106Leu_run1_complex_RMSF.dat,Protein,120
28,Protein,1.0015,Arg106Leu,run1,1,Arg106Leu_run1_complex_RMSF.dat,Protein,121
29,Protein,1.0441,Arg106Leu,run1,1,Arg106Leu_run1_complex_RMSF.dat,Protein,122
30,Protein,0.758,Arg106Leu,run1,1,Arg106Leu_run1_complex_RMSF.dat,Protein,123
31,Protein,0.7463,Arg106Leu,run1,1,Arg106Leu_run1_complex_RMSF.dat,Protein,124
32,Protein,1.0731,Arg106Leu,run1,1,Arg106Leu_run1_complex_RMSF.dat,Protein,125
33,Protein,1.2907,Arg106Leu,run1,1,Arg106Leu_run1_complex_RMSF.dat,Protein,126
34,Protein,1.7889,Arg106Leu,run1,1,Arg106Leu_run1_complex_RMSF.dat,Protein,127
35,Protein,2.392,Arg106Leu,run1,1,Arg106Leu_run1_complex_RMSF.dat,Protein,128
36,Protein,2.1956,Arg106Leu,run1,1,Arg106Leu_run1_complex_RMSF.dat,Protein,129
37,Protein,1.9412,Arg106Leu,run1,1,Arg106Leu_run1_complex_RMSF.dat,Protein,130
38,Protein,1.4043,Arg106Leu,run1,1,Arg106Leu_run1_complex_RMSF.dat,Protein,131
39,Protein,1.2407,Arg106Leu,run1,1,Arg106Leu_run1_complex_RMSF.dat,Protein,132
40,Protein,1.3374,Arg106Leu,run1,1,Arg106Leu_run1_complex_RMSF.dat,Protein,133
41,Protein,1.5215,Arg106Leu,run1,1,Arg106Leu_run1_complex_RMSF.dat,Protein,134
42,Protein,1.9111,Arg106Leu,run1,1,Arg106Leu_run1_complex_RMSF.dat,Protein,135
43,Protein,2.5243,Arg106Leu,run1,1,Arg106Leu_run1_complex_RMSF.dat,Protein,136
44,Protein,2.3377,Arg106Leu,run1,1,Arg106Leu_run1_complex_RMSF.dat,Protein,137
45,Protein,2.0256,Arg106Leu,run1,1,Arg106Leu_run1_complex_RMSF.dat,Protein,138
46,Protein,2.8272,Arg106Leu,run1,1,Arg106Leu_run1_complex_RMSF.dat,Protein,139
47,Protein,3.2257,Arg106Leu,run1,1,Arg106Leu_run1_complex_RMSF.dat,Protein,140
48,Protein,2.8194,Arg106Leu,run1,1,Arg106Leu_run1_complex_RMSF.dat,Protein,141
49,Protein,2.97,Arg106Leu,run1,1,Arg106Leu_run1_complex_RMSF.dat,Protein,142
50,Protein,3.8069,Arg106Leu,run1,1,Arg106Leu_run1_complex_RMSF.dat,Protein,143
51,Protein,3.9093,Arg106Leu,run1,1,Arg106Leu_run1_complex_RMSF.dat,Protein,144
52,Protein,3.5411,Arg106Leu,run1,1,Arg106Leu_run1_complex_RMSF.dat,Protein,145
53,Protein,4.0968,Arg106Leu,run1,1,Arg106Leu_run1_complex_RMSF.dat,Protein,146
54,Protein,4.3467,Arg106Leu,run1,1,Arg106Leu_run1_complex_RMSF.dat,Protein,147
55,Protein,3.8769,Arg106Leu,run1,1,Arg106Leu_run1_complex_RMSF.dat,Protein,148
56,Protein,3.345,Arg106Leu,run1,1,Arg106Leu_run1_complex_RMSF.dat,Protein,149
57,Protein,2.9742,Arg106Leu,run1,1,Arg106Leu_run1_complex_RMSF.dat,Protein,150
58,Protein,3.2878,Arg106Leu,run1,1,Arg106Leu_run1_complex_RMSF.dat,Protein,151
59,Protein,2.978,Arg106Leu,run1,1,Arg106Leu_run1_complex_RMSF.dat,Protein,152
60,Protein,3.5167,Arg106Leu,run1,1,Arg106Leu_run1_complex_RMSF.dat,Protein,153
61,Protein,2.946,Arg106Leu,run1,1,Arg106Leu_run1_complex_RMSF.dat,Protein,154
62,Protein,2.6722,Arg106Leu,run1,1,Arg106Leu_run1_complex_RMSF.dat,Protein,155
63,Protein,3.2195,Arg106Leu,run1,1,Arg106Leu_run1_complex_RMSF.dat,Protein,156
64,Protein,1.7104,Arg106Leu,run1,1,Arg106Leu_run1_complex_RMSF.dat,Protein,157
65,Protein,1.8191,Arg106Leu,run1,1,Arg106Leu_run1_complex_RMSF.dat,Protein,158
66,Protein,2.7711,Arg106Leu,run1,1,Arg106Leu_run1_complex_RMSF.dat,Protein,159
67,Protein,3.2148,Arg106Leu,run1,1,Arg106Leu_run1_complex_RMSF.dat,Protein,160
68,Protein,3.8691,Arg106Leu,run1,1,Arg106Leu_run1_complex_RMSF.dat,Protein,161
69,Protein,4.3159,Arg106Leu,run1,1,Arg106Leu_run1_complex_RMSF.dat,Protein,162
70,DNA,4.6218,Arg106Leu,run1,1,Arg106Leu_run1_complex_RMSF.dat,DNA,1
71,DNA,4.0826,Arg106Leu,run1,1,Arg106Leu_run1_complex_RMSF.dat,DNA,2
72,DNA,3.4325,Arg106Leu,run1,1,Arg106Leu_run1_complex_RMSF.dat,DNA,3
73,DNA,2.8903,Arg106Leu,run1,1,Arg106Leu_run1_complex_RMSF.dat,DNA,4
74,DNA,2.3589,Arg106Leu,run1,1,Arg106Leu_run1_complex_RMSF.dat,DNA,5
75,DNA,1.9556,Arg106Leu,run1,1,Arg106Leu_run1_complex_RMSF.dat,DNA,6
76,DNA,1.9305,Arg106Leu,run1,1,Arg106Leu_run1_complex_RMSF.dat,DNA,7
77,DNA,2.1559,Arg106Leu,run1,1,Arg106Leu_run1_complex_RMSF.dat,DNA,8
78,DNA,2.0066,Arg106Leu,run1,1,Arg106Leu_run1_complex_RMSF.dat,DNA,9
79,DNA,2.0179,Arg106Leu,run1,1,Arg106Leu_run1_complex_RMSF.dat,DNA,10
80,DNA,2.1856,Arg106Leu,run1,1,Arg106Leu_run1_complex_RMSF.dat,DNA,11
81,DNA,2.1358,Arg106Leu,run1,1,Arg106Leu_run1_complex_RMSF.dat,DNA,12
82,DNA,2.0825,Arg106Leu,run1,1,Arg106Leu_run1_complex_RMSF.dat,DNA,13
83,DNA,2.1098,Arg106Leu,run1,1,Arg106Leu_run1_complex_RMSF.dat,DNA,14
84,DNA,2.1865,Arg106Leu,run1,1,Arg106Leu_run1_complex_RMSF.dat,DNA,15
85,DNA,2.2975,Arg106Leu,run1,1,Arg106Leu_run1_complex_RMSF.dat,DNA,16
86,DNA,2.4785,Arg106Leu,run1,1,Arg106Leu_run1_complex_RMSF.dat,DNA,17
87,DNA,2.6282,Arg106Leu,run1,1,Arg106Leu_run1_complex_RMSF.dat,DNA,18
88,DNA,2.8432,Arg106Leu,run1,1,Arg106Leu_run1_complex_RMSF.dat,DNA,19
89,DNA,3.4652,Arg106Leu,run1,1,Arg106Leu_run1_complex_RMSF.dat,DNA,20
90,DNA,6.1924,Arg106Leu,run1,1,Arg106Leu_run1_complex_RMSF.dat,DNA,21
91,DNA,4.8623,Arg106Leu,run1,1,Arg106Leu_run1_complex_RMSF.dat,DNA,22
92,DNA,3.8274,Arg106Leu,run1,1,Arg106Leu_run1_complex_RMSF.dat,DNA,23
93,DNA,2.9664,Arg106Leu,run1,1,Arg106Leu_run1_complex_RMSF.dat,DNA,24
94,DNA,2.3778,Arg106Leu,run1,1,Arg106Leu_run1_complex_RMSF.dat,DNA,25
95,DNA,2.0991,Arg106Leu,run1,1,Arg106Leu_run1_complex_RMSF.dat,DNA,26
96,DNA,2.0642,Arg106Leu,run1,1,Arg106Leu_run1_complex_RMSF.dat,DNA,27
97,DNA,2.1056,Arg106Leu,run1,1,Arg106Leu_run1_complex_RMSF.dat,DNA,28
98,DNA,2.0401,Arg106Leu,run1,1,Arg106Leu_run1_complex_RMSF.dat,DNA,29
99,DNA,1.7935,Arg106Leu,run1,1,Arg106Leu_run1_complex_RMSF.dat,DNA,30
100,DNA,1.7095,Arg106Leu,run1,1,Arg106Leu_run1_complex_RMSF.dat,DNA,31
101,DNA,1.7371,Arg106Leu,run1,1,Arg106Leu_run1_complex_RMSF.dat,DNA,32
102,DNA,1.8829,Arg106Leu,run1,1,Arg106Leu_run1_complex_RMSF.dat,DNA,33
103,DNA,2.0567,Arg106Leu,run1,1,Arg106Leu_run1_complex_RMSF.dat,DNA,34
104,DNA,2.4372,Arg106Leu,run1,1,Arg106Leu_run1_complex_RMSF.dat,DNA,35
105,DNA,2.3371,Arg106Leu,run1,1,Arg106Leu_run1_complex_RMSF.dat,DNA,36
106,DNA,2.2337,Arg106Leu,run1,1,Arg106Leu_run1_complex_RMSF.dat,DNA,37
107,DNA,2.1484,Arg106Leu,run1,1,Arg106Leu_run1_complex_RMSF.dat,DNA,38
108,DNA,2.2517,Arg106Leu,run1,1,Arg106Leu_run1_complex_RMSF.dat,DNA,39
109,DNA,2.8065,Arg106Leu,run1,1,Arg106Leu_run1_complex_RMSF.dat,DNA,40
1,Protein,2.1487,Arg106Leu,run2,2,Arg106Leu_run2_complex_RMSF.dat,Protein,94
2,Protein,2.3013,Arg106Leu,run2,2,Arg106Leu_run2_complex_RMSF.dat,Protein,95
3,Protein,3.1987,Arg106Leu,run2,2,Arg106Leu_run2_complex_RMSF.dat,Protein,96
4,Protein,2.3887,Arg106Leu,run2,2,Arg106Leu_run2_complex_RMSF.dat,Protein,97
5,Protein,2.5386,Arg106Leu,run2,2,Arg106Leu_run2_complex_RMSF.dat,Protein,98
6,Protein,2.4255,Arg106Leu,run2,2,Arg106Leu_run2_complex_RMSF.dat,Protein,99
7,Protein,1.6374,Arg106Leu,run2,2,Arg106Leu_run2_complex_RMSF.dat,Protein,100
8,Protein,2.0543,Arg106Leu,run2,2,Arg106Leu_run2_complex_RMSF.dat,Protein,101
9,Protein,2.4665,Arg106Leu,run2,2,Arg106Leu_run2_complex_RMSF.dat,Protein,102
10,Protein,2.0482,Arg106Leu,run2,2,Arg106Leu_run2_complex_RMSF.dat,Protein,103
11,Protein,1.3312,Arg106Leu,run2,2,Arg106Leu_run2_complex_RMSF.dat,Protein,104
12,Protein,1.2408,Arg106Leu,run2,2,Arg106Leu_run2_complex_RMSF.dat,Protein,105
13,Protein,1.0902,Arg106Leu,run2,2,Arg106Leu_run2_complex_RMSF.dat,Protein,106
14,Protein,1.1766,Arg106Leu,run2,2,Arg106Leu_run2_complex_RMSF.dat,Protein,107
15,Protein,1.2035,Arg106Leu,run2,2,Arg106Leu_run2_complex_RMSF.dat,Protein,108
16,Protein,1.3075,Arg106Leu,run2,2,Arg106Leu_run2_complex_RMSF.dat,Protein,109
17,Protein,1.4307,Arg106Leu,run2,2,Arg106Leu_run2_complex_RMSF.dat,Protein,110
18,Protein,1.4062,Arg106Leu,run2,2,Arg106Leu_run2_complex_RMSF.dat,Protein,111
19,Protein,2.0652,Arg106Leu,run2,2,Arg106Leu_run2_complex_RMSF.dat,Protein,112
20,Protein,2.0508,Arg106Leu,run2,2,Arg106Leu_run2_complex_RMSF.dat,Protein,113
21,Protein,2.673,Arg106Leu,run2,2,Arg106Leu_run2_complex_RMSF.dat,Protein,114
22,Protein,2.3688,Arg106Leu,run2,2,Arg106Leu_run2_complex_RMSF.dat,Protein,115
23,Protein,1.9334,Arg106Leu,run2,2,Arg106Leu_run2_complex_RMSF.dat,Protein,116
24,Protein,2.4575,Arg106Leu,run2,2,Arg106Leu_run2_complex_RMSF.dat,Protein,117
25,Protein,2.1405,Arg106Leu,run2,2,Arg106Leu_run2_complex_RMSF.dat,Protein,118
26,Protein,1.7154,Arg106Leu,run2,2,Arg106Leu_run2_complex_RMSF.dat,Protein,119
27,Protein,1.3171,Arg106Leu,run2,2,Arg106Leu_run2_complex_RMSF.dat,Protein,120
28,Protein,1.0043,Arg106Leu,run2,2,Arg106Leu_run2_complex_RMSF.dat,Protein,121
29,Protein,0.9723,Arg106Leu,run2,2,Arg106Leu_run2_complex_RMSF.dat,Protein,122
30,Protein,0.8744,Arg106Leu,run2,2,Arg106Leu_run2_complex_RMSF.dat,Protein,123
31,Protein,0.854,Arg106Leu,run2,2,Arg106Leu_run2_complex_RMSF.dat,Protein,124
32,Protein,1.0468,Arg106Leu,run2,2,Arg106Leu_run2_complex_RMSF.dat,Protein,125
33,Protein,1.3364,Arg106Leu,run2,2,Arg106Leu_run2_complex_RMSF.dat,Protein,126
34,Protein,1.8858,Arg106Leu,run2,2,Arg106Leu_run2_complex_RMSF.dat,Protein,127
35,Protein,2.1625,Arg106Leu,run2,2,Arg106Leu_run2_complex_RMSF.dat,Protein,128
36,Protein,1.8178,Arg106Leu,run2,2,Arg106Leu_run2_complex_RMSF.dat,Protein,129
37,Protein,1.5699,Arg106Leu,run2,2,Arg106Leu_run2_complex_RMSF.dat,Protein,130
38,Protein,1.1946,Arg106Leu,run2,2,Arg106Leu_run2_complex_RMSF.dat,Protein,131
39,Protein,1.0397,Arg106Leu,run2,2,Arg106Leu_run2_complex_RMSF.dat,Protein,132
40,Protein,1.2067,Arg106Leu,run2,2,Arg106Leu_run2_complex_RMSF.dat,Protein,133
41,Protein,1.7569,Arg106Leu,run2,2,Arg106Leu_run2_complex_RMSF.dat,Protein,134
42,Protein,2.0,Arg106Leu,run2,2,Arg106Leu_run2_complex_RMSF.dat,Protein,135
43,Protein,2.3929,Arg106Leu,run2,2,Arg106Leu_run2_complex_RMSF.dat,Protein,136
44,Protein,2.0656,Arg106Leu,run2,2,Arg106Leu_run2_complex_RMSF.dat,Protein,137
45,Protein,1.8005,Arg106Leu,run2,2,Arg106Leu_run2_complex_RMSF.dat,Protein,138
46,Protein,2.3942,Arg106Leu,run2,2,Arg106Leu_run2_complex_RMSF.dat,Protein,139
47,Protein,2.5894,Arg106Leu,run2,2,Arg106Leu_run2_complex_RMSF.dat,Protein,140
48,Protein,2.1823,Arg106Leu,run2,2,Arg106Leu_run2_complex_RMSF.dat,Protein,141
49,Protein,2.3523,Arg106Leu,run2,2,Arg106Leu_run2_complex_RMSF.dat,Protein,142
50,Protein,2.9421,Arg106Leu,run2,2,Arg106Leu_run2_complex_RMSF.dat,Protein,143
51,Protein,3.0101,Arg106Leu,run2,2,Arg106Leu_run2_complex_RMSF.dat,Protein,144
52,Protein,2.9285,Arg106Leu,run2,2,Arg106Leu_run2_complex_RMSF.dat,Protein,145
53,Protein,3.2592,Arg106Leu,run2,2,Arg106Leu_run2_complex_RMSF.dat,Protein,146
54,Protein,3.5963,Arg106Leu,run2,2,Arg106Leu_run2_complex_RMSF.dat,Protein,147
55,Protein,3.0537,Arg106Leu,run2,2,Arg106Leu_run2_complex_RMSF.dat,Protein,148
56,Protein,3.4327,Arg106Leu,run2,2,Arg106Leu_run2_complex_RMSF.dat,Protein,149
57,Protein,2.5375,Arg106Leu,run2,2,Arg106Leu_run2_complex_RMSF.dat,Protein,150
58,Protein,2.6927,Arg106Leu,run2,2,Arg106Leu_run2_complex_RMSF.dat,Protein,151
59,Protein,2.4876,Arg106Leu,run2,2,Arg106Leu_run2_complex_RMSF.dat,Protein,152
60,Protein,3.0263,Arg106Leu,run2,2,Arg106Leu_run2_complex_RMSF.dat,Protein,153
61,Protein,2.8891,Arg106Leu,run2,2,Arg106Leu_run2_complex_RMSF.dat,Protein,154
62,Protein,1.8721,Arg106Leu,run2,2,Arg106Leu_run2_complex_RMSF.dat,Protein,155
63,Protein,1.4025,Arg106Leu,run2,2,Arg106Leu_run2_complex_RMSF.dat,Protein,156
64,Protein,1.0612,Arg106Leu,run2,2,Arg106Leu_run2_complex_RMSF.dat,Protein,157
65,Protein,1.3373,Arg106Leu,run2,2,Arg106Leu_run2_complex_RMSF.dat,Protein,158
66,Protein,1.9544,Arg106Leu,run2,2,Arg106Leu_run2_complex_RMSF.dat,Protein,159
67,Protein,1.6867,Arg106Leu,run2,2,Arg106Leu_run2_complex_RMSF.dat,Protein,160
68,Protein,2.2892,Arg106Leu,run2,2,Arg106Leu_run2_complex_RMSF.dat,Protein,161
69,Protein,3.4148,Arg106Leu,run2,2,Arg106Leu_run2_complex_RMSF.dat,Protein,162
70,DNA,4.9568,Arg106Leu,run2,2,Arg106Leu_run2_complex_RMSF.dat,DNA,1
71,DNA,4.2344,Arg106Leu,run2,2,Arg106Leu_run2_complex_RMSF.dat,DNA,2
72,DNA,3.7088,Arg106Leu,run2,2,Arg106Leu_run2_complex_RMSF.dat,DNA,3
73,DNA,3.2467,Arg106Leu,run2,2,Arg106Leu_run2_complex_RMSF.dat,DNA,4
74,DNA,2.8069,Arg106Leu,run2,2,Arg106Leu_run2_complex_RMSF.dat,DNA,5
75,DNA,2.4864,Arg106Leu,run2,2,Arg106Leu_run2_complex_RMSF.dat,DNA,6
76,DNA,2.1653,Arg106Leu,run2,2,Arg106Leu_run2_complex_RMSF.dat,DNA,7
77,DNA,1.917,Arg106Leu,run2,2,Arg106Leu_run2_complex_RMSF.dat,DNA,8
78,DNA,1.7555,Arg106Leu,run2,2,Arg106Leu_run2_complex_RMSF.dat,DNA,9
79,DNA,1.8858,Arg106Leu,run2,2,Arg106Leu_run2_complex_RMSF.dat,DNA,10
80,DNA,2.1852,Arg106Leu,run2,2,Arg106Leu_run2_complex_RMSF.dat,DNA,11
81,DNA,2.2251,Arg106Leu,run2,2,Arg106Leu_run2_complex_RMSF.dat,DNA,12
82,DNA,2.0968,Arg106Leu,run2,2,Arg106Leu_run2_complex_RMSF.dat,DNA,13
83,DNA,1.952,Arg106Leu,run2,2,Arg106Leu_run2_complex_RMSF.dat,DNA,14
84,DNA,1.8069,Arg106Leu,run2,2,Arg106Leu_run2_complex_RMSF.dat,DNA,15
85,DNA,1.7633,Arg106Leu,run2,2,Arg106Leu_run2_complex_RMSF.dat,DNA,16
86,DNA,1.9796,Arg106Leu,run2,2,Arg106Leu_run2_complex_RMSF.dat,DNA,17
87,DNA,2.3038,Arg106Leu,run2,2,Arg106Leu_run2_complex_RMSF.dat,DNA,18
88,DNA,2.6781,Arg106Leu,run2,2,Arg106Leu_run2_complex_RMSF.dat,DNA,19
89,DNA,3.2426,Arg106Leu,run2,2,Arg106Leu_run2_complex_RMSF.dat,DNA,20
90,DNA,5.0382,Arg106Leu,run2,2,Arg106Leu_run2_complex_RMSF.dat,DNA,21
91,DNA,3.861,Arg106Leu,run2,2,Arg106Leu_run2_complex_RMSF.dat,DNA,22
92,DNA,3.0666,Arg106Leu,run2,2,Arg106Leu_run2_complex_RMSF.dat,DNA,23
93,DNA,2.4942,Arg106Leu,run2,2,Arg106Leu_run2_complex_RMSF.dat,DNA,24
94,DNA,2.1745,Arg106Leu,run2,2,Arg106Leu_run2_complex_RMSF.dat,DNA,25
95,DNA,2.0497,Arg106Leu,run2,2,Arg106Leu_run2_complex_RMSF.dat,DNA,26
96,DNA,1.9816,Arg106Leu,run2,2,Arg106Leu_run2_complex_RMSF.dat,DNA,27
97,DNA,1.8156,Arg106Leu,run2,2,Arg106Leu_run2_complex_RMSF.dat,DNA,28
98,DNA,1.6741,Arg106Leu,run2,2,Arg106Leu_run2_complex_RMSF.dat,DNA,29
99,DNA,1.7106,Arg106Leu,run2,2,Arg106Leu_run2_complex_RMSF.dat,DNA,30
100,DNA,1.8905,Arg106Leu,run2,2,Arg106Leu_run2_complex_RMSF.dat,DNA,31
101,DNA,1.8081,Arg106Leu,run2,2,Arg106Leu_run2_complex_RMSF.dat,DNA,32
102,DNA,1.8485,Arg106Leu,run2,2,Arg106Leu_run2_complex_RMSF.dat,DNA,33
103,DNA,1.9122,Arg106Leu,run2,2,Arg106Leu_run2_complex_RMSF.dat,DNA,34
104,DNA,2.092,Arg106Leu,run2,2,Arg106Leu_run2_complex_RMSF.dat,DNA,35
105,DNA,2.0238,Arg106Leu,run2,2,Arg106Leu_run2_complex_RMSF.dat,DNA,36
106,DNA,2.0565,Arg106Leu,run2,2,Arg106Leu_run2_complex_RMSF.dat,DNA,37
107,DNA,2.1887,Arg106Leu,run2,2,Arg106Leu_run2_complex_RMSF.dat,DNA,38
108,DNA,2.4635,Arg106Leu,run2,2,Arg106Leu_run2_complex_RMSF.dat,DNA,39
109,DNA,3.0475,Arg106Leu,run2,2,Arg106Leu_run2_complex_RMSF.dat,DNA,40
1,Protein,4.3596,Arg106Leu,run3,3,Arg106Leu_run3_complex_RMSF.dat,Protein,94
2,Protein,5.6872,Arg106Leu,run3,3,Arg106Leu_run3_complex_RMSF.dat,Protein,95
3,Protein,4.689,Arg106Leu,run3,3,Arg106Leu_run3_complex_RMSF.dat,Protein,96
4,Protein,4.3363,Arg106Leu,run3,3,Arg106Leu_run3_complex_RMSF.dat,Protein,97
5,Protein,4.4535,Arg106Leu,run3,3,Arg106Leu_run3_complex_RMSF.dat,Protein,98
6,Protein,4.0731,Arg106Leu,run3,3,Arg106Leu_run3_complex_RMSF.dat,Protein,99
7,Protein,2.7962,Arg106Leu,run3,3,Arg106Leu_run3_complex_RMSF.dat,Protein,100
8,Protein,2.3708,Arg106Leu,run3,3,Arg106Leu_run3_complex_RMSF.dat,Protein,101
9,Protein,2.2195,Arg106Leu,run3,3,Arg106Leu_run3_complex_RMSF.dat,Protein,102
10,Protein,1.9749,Arg106Leu,run3,3,Arg106Leu_run3_complex_RMSF.dat,Protein,103
11,Protein,1.5014,Arg106Leu,run3,3,Arg106Leu_run3_complex_RMSF.dat,Protein,104
12,Protein,1.7934,Arg106Leu,run3,3,Arg106Leu_run3_complex_RMSF.dat,Protein,105
13,Protein,1.6884,Arg106Leu,run3,3,Arg106Leu_run3_complex_RMSF.dat,Protein,106
14,Protein,1.8961,Arg106Leu,run3,3,Arg106Leu_run3_complex_RMSF.dat,Protein,107
15,Protein,1.7627,Arg106Leu,run3,3,Arg106Leu_run3_complex_RMSF.dat,Protein,108
16,Protein,1.5695,Arg106Leu,run3,3,Arg106Leu_run3_complex_RMSF.dat,Protein,109
17,Protein,1.4422,Arg106Leu,run3,3,Arg106Leu_run3_complex_RMSF.dat,Protein,110
18,Protein,1.4924,Arg106Leu,run3,3,Arg106Leu_run3_complex_RMSF.dat,Protein,111
19,Protein,2.0363,Arg106Leu,run3,3,Arg106Leu_run3_complex_RMSF.dat,Protein,112
20,Protein,2.1759,Arg106Leu,run3,3,Arg106Leu_run3_complex_RMSF.dat,Protein,113
21,Protein,2.655,Arg106Leu,run3,3,Arg106Leu_run3_complex_RMSF.dat,Protein,114
22,Protein,2.2805,Arg106Leu,run3,3,Arg106Leu_run3_complex_RMSF.dat,Protein,115
23,Protein,1.8252,Arg106Leu,run3,3,Arg106Leu_run3_complex_RMSF.dat,Protein,116
24,Protein,2.1912,Arg106Leu,run3,3,Arg106Leu_run3_complex_RMSF.dat,Protein,117
25,Protein,1.9786,Arg106Leu,run3,3,Arg106Leu_run3_complex_RMSF.dat,Protein,118
26,Protein,1.5103,Arg106Leu,run3,3,Arg106Leu_run3_complex_RMSF.dat,Protein,119
27,Protein,1.3024,Arg106Leu,run3,3,Arg106Leu_run3_complex_RMSF.dat,Protein,120
28,Protein,1.2215,Arg106Leu,run3,3,Arg106Leu_run3_complex_RMSF.dat,Protein,121
29,Protein,1.3104,Arg106Leu,run3,3,Arg106Leu_run3_complex_RMSF.dat,Protein,122
30,Protein,0.9855,Arg106Leu,run3,3,Arg106Leu_run3_complex_RMSF.dat,Protein,123
31,Protein,0.9936,Arg106Leu,run3,3,Arg106Leu_run3_complex_RMSF.dat,Protein,124
32,Protein,1.2242,Arg106Leu,run3,3,Arg106Leu_run3_complex_RMSF.dat,Protein,125
33,Protein,1.4951,Arg106Leu,run3,3,Arg106Leu_run3_complex_RMSF.dat,Protein,126
34,Protein,2.0065,Arg106Leu,run3,3,Arg106Leu_run3_complex_RMSF.dat,Protein,127
35,Protein,2.8158,Arg106Leu,run3,3,Arg106Leu_run3_complex_RMSF.dat,Protein,128
36,Protein,3.3487,Arg106Leu,run3,3,Arg106Leu_run3_complex_RMSF.dat,Protein,129
37,Protein,2.5278,Arg106Leu,run3,3,Arg106Leu_run3_complex_RMSF.dat,Protein,130
38,Protein,1.7134,Arg106Leu,run3,3,Arg106Leu_run3_complex_RMSF.dat,Protein,131
39,Protein,1.3922,Arg106Leu,run3,3,Arg106Leu_run3_complex_RMSF.dat,Protein,132
40,Protein,1.356,Arg106Leu,run3,3,Arg106Leu_run3_complex_RMSF.dat,Protein,133
41,Protein,2.5996,Arg106Leu,run3,3,Arg106Leu_run3_complex_RMSF.dat,Protein,134
42,Protein,3.2717,Arg106Leu,run3,3,Arg106Leu_run3_complex_RMSF.dat,Protein,135
43,Protein,4.0081,Arg106Leu,run3,3,Arg106Leu_run3_complex_RMSF.dat,Protein,136
44,Protein,3.3334,Arg106Leu,run3,3,Arg106Leu_run3_complex_RMSF.dat,Protein,137
45,Protein,2.7473,Arg106Leu,run3,3,Arg106Leu_run3_complex_RMSF.dat,Protein,138
46,Protein,3.9151,Arg106Leu,run3,3,Arg106Leu_run3_complex_RMSF.dat,Protein,139
47,Protein,4.3774,Arg106Leu,run3,3,Arg106Leu_run3_complex_RMSF.dat,Protein,140
48,Protein,3.5095,Arg106Leu,run3,3,Arg106Leu_run3_complex_RMSF.dat,Protein,141
49,Protein,3.6174,Arg106Leu,run3,3,Arg106Leu_run3_complex_RMSF.dat,Protein,142
50,Protein,4.9007,Arg106Leu,run3,3,Arg106Leu_run3_complex_RMSF.dat,Protein,143
51,Protein,5.0256,Arg106Leu,run3,3,Arg106Leu_run3_complex_RMSF.dat,Protein,144
52,Protein,4.2858,Arg106Leu,run3,3,Arg106Leu_run3_complex_RMSF.dat,Protein,145
53,Protein,3.5102,Arg106Leu,run3,3,Arg106Leu_run3_complex_RMSF.dat,Protein,146
54,Protein,3.1961,Arg106Leu,run3,3,Arg106Leu_run3_complex_RMSF.dat,Protein,147
55,Protein,4.1663,Arg106Leu,run3,3,Arg106Leu_run3_complex_RMSF.dat,Protein,148
56,Protein,3.7261,Arg106Leu,run3,3,Arg106Leu_run3_complex_RMSF.dat,Protein,149
57,Protein,3.3053,Arg106Leu,run3,3,Arg106Leu_run3_complex_RMSF.dat,Protein,150
58,Protein,4.0393,Arg106Leu,run3,3,Arg106Leu_run3_complex_RMSF.dat,Protein,151
59,Protein,3.6583,Arg106Leu,run3,3,Arg106Leu_run3_complex_RMSF.dat,Protein,152
60,Protein,4.4304,Arg106Leu,run3,3,Arg106Leu_run3_complex_RMSF.dat,Protein,153
61,Protein,4.0297,Arg106Leu,run3,3,Arg106Leu_run3_complex_RMSF.dat,Protein,154
62,Protein,2.8563,Arg106Leu,run3,3,Arg106Leu_run3_complex_RMSF.dat,Protein,155
63,Protein,2.9345,Arg106Leu,run3,3,Arg106Leu_run3_complex_RMSF.dat,Protein,156
64,Protein,2.2336,Arg106Leu,run3,3,Arg106Leu_run3_complex_RMSF.dat,Protein,157
65,Protein,2.6829,Arg106Leu,run3,3,Arg106Leu_run3_complex_RMSF.dat,Protein,158
66,Protein,3.1127,Arg106Leu,run3,3,Arg106Leu_run3_complex_RMSF.dat,Protein,159
67,Protein,4.1558,Arg106Leu,run3,3,Arg106Leu_run3_complex_RMSF.dat,Protein,160
68,Protein,4.8813,Arg106Leu,run3,3,Arg106Leu_run3_complex_RMSF.dat,Protein,161
69,Protein,6.3054,Arg106Leu,run3,3,Arg106Leu_run3_complex_RMSF.dat,Protein,162
70,DNA,4.8969,Arg106Leu,run3,3,Arg106Leu_run3_complex_RMSF.dat,DNA,1
71,DNA,4.3776,Arg106Leu,run3,3,Arg106Leu_run3_complex_RMSF.dat,DNA,2
72,DNA,3.9262,Arg106Leu,run3,3,Arg106Leu_run3_complex_RMSF.dat,DNA,3
73,DNA,3.3948,Arg106Leu,run3,3,Arg106Leu_run3_complex_RMSF.dat,DNA,4
74,DNA,2.8687,Arg106Leu,run3,3,Arg106Leu_run3_complex_RMSF.dat,DNA,5
75,DNA,2.3592,Arg106Leu,run3,3,Arg106Leu_run3_complex_RMSF.dat,DNA,6
76,DNA,2.0859,Arg106Leu,run3,3,Arg106Leu_run3_complex_RMSF.dat,DNA,7
77,DNA,2.263,Arg106Leu,run3,3,Arg106Leu_run3_complex_RMSF.dat,DNA,8
78,DNA,2.3266,Arg106Leu,run3,3,Arg106Leu_run3_complex_RMSF.dat,DNA,9
79,DNA,2.2254,Arg106Leu,run3,3,Arg106Leu_run3_complex_RMSF.dat,DNA,10
80,DNA,2.4501,Arg106Leu,run3,3,Arg106Leu_run3_complex_RMSF.dat,DNA,11
81,DNA,2.5388,Arg106Leu,run3,3,Arg106Leu_run3_complex_RMSF.dat,DNA,12
82,DNA,2.5902,Arg106Leu,run3,3,Arg106Leu_run3_complex_RMSF.dat,DNA,13
83,DNA,2.6436,Arg106Leu,run3,3,Arg106Leu_run3_complex_RMSF.dat,DNA,14
84,DNA,2.6738,Arg106Leu,run3,3,Arg106Leu_run3_complex_RMSF.dat,DNA,15
85,DNA,2.6742,Arg106Leu,run3,3,Arg106Leu_run3_complex_RMSF.dat,DNA,16
86,DNA,2.7114,Arg106Leu,run3,3,Arg106Leu_run3_complex_RMSF.dat,DNA,17
87,DNA,2.8073,Arg106Leu,run3,3,Arg106Leu_run3_complex_RMSF.dat,DNA,18
88,DNA,3.0658,Arg106Leu,run3,3,Arg106Leu_run3_complex_RMSF.dat,DNA,19
89,DNA,3.7435,Arg106Leu,run3,3,Arg106Leu_run3_complex_RMSF.dat,DNA,20
90,DNA,6.4704,Arg106Leu,run3,3,Arg106Leu_run3_complex_RMSF.dat,DNA,21
91,DNA,5.1298,Arg106Leu,run3,3,Arg106Leu_run3_complex_RMSF.dat,DNA,22
92,DNA,4.1463,Arg106Leu,run3,3,Arg106Leu_run3_complex_RMSF.dat,DNA,23
93,DNA,3.2631,Arg106Leu,run3,3,Arg106Leu_run3_complex_RMSF.dat,DNA,24
94,DNA,2.5591,Arg106Leu,run3,3,Arg106Leu_run3_complex_RMSF.dat,DNA,25
95,DNA,2.2114,Arg106Leu,run3,3,Arg106Leu_run3_complex_RMSF.dat,DNA,26
96,DNA,2.134,Arg106Leu,run3,3,Arg106Leu_run3_complex_RMSF.dat,DNA,27
97,DNA,2.1745,Arg106Leu,run3,3,Arg106Leu_run3_complex_RMSF.dat,DNA,28
98,DNA,2.1877,Arg106Leu,run3,3,Arg106Leu_run3_complex_RMSF.dat,DNA,29
99,DNA,2.1685,Arg106Leu,run3,3,Arg106Leu_run3_complex_RMSF.dat,DNA,30
100,DNA,2.2143,Arg106Leu,run3,3,Arg106Leu_run3_complex_RMSF.dat,DNA,31
101,DNA,2.2015,Arg106Leu,run3,3,Arg106Leu_run3_complex_RMSF.dat,DNA,32
102,DNA,2.3359,Arg106Leu,run3,3,Arg106Leu_run3_complex_RMSF.dat,DNA,33
103,DNA,2.4885,Arg106Leu,run3,3,Arg106Leu_run3_complex_RMSF.dat,DNA,34
104,DNA,2.6048,Arg106Leu,run3,3,Arg106Leu_run3_complex_RMSF.dat,DNA,35
105,DNA,2.5466,Arg106Leu,run3,3,Arg106Leu_run3_complex_RMSF.dat,DNA,36
106,DNA,2.3709,Arg106Leu,run3,3,Arg106Leu_run3_complex_RMSF.dat,DNA,37
107,DNA,2.243,Arg106Leu,run3,3,Arg106Leu_run3_complex_RMSF.dat,DNA,38
108,DNA,2.4457,Arg106Leu,run3,3,Arg106Leu_run3_complex_RMSF.dat,DNA,39
109,DNA,3.1695,Arg106Leu,run3,3,Arg106Leu_run3_complex_RMSF.dat,DNA,40
1,Protein,2.9451,Arg106Trp,run1,1,Arg106Trp_run1_complex_RMSF.dat,Protein,94
2,Protein,3.3775,Arg106Trp,run1,1,Arg106Trp_run1_complex_RMSF.dat,Protein,95
3,Protein,3.1104,Arg106Trp,run1,1,Arg106Trp_run1_complex_RMSF.dat,Protein,96
4,Protein,2.7978,Arg106Trp,run1,1,Arg106Trp_run1_complex_RMSF.dat,Protein,97
5,Protein,3.2068,Arg106Trp,run1,1,Arg106Trp_run1_complex_RMSF.dat,Protein,98
6,Protein,2.9208,Arg106Trp,run1,1,Arg106Trp_run1_complex_RMSF.dat,Protein,99
7,Protein,2.1901,Arg106Trp,run1,1,Arg106Trp_run1_complex_RMSF.dat,Protein,100
8,Protein,2.395,Arg106Trp,run1,1,Arg106Trp_run1_complex_RMSF.dat,Protein,101
9,Protein,2.7852,Arg106Trp,run1,1,Arg106Trp_run1_complex_RMSF.dat,Protein,102
10,Protein,2.6138,Arg106Trp,run1,1,Arg106Trp_run1_complex_RMSF.dat,Protein,103
11,Protein,1.8044,Arg106Trp,run1,1,Arg106Trp_run1_complex_RMSF.dat,Protein,104
12,Protein,1.8011,Arg106Trp,run1,1,Arg106Trp_run1_complex_RMSF.dat,Protein,105
13,Protein,1.6736,Arg106Trp,run1,1,Arg106Trp_run1_complex_RMSF.dat,Protein,106
14,Protein,1.807,Arg106Trp,run1,1,Arg106Trp_run1_complex_RMSF.dat,Protein,107
15,Protein,1.5819,Arg106Trp,run1,1,Arg106Trp_run1_complex_RMSF.dat,Protein,108
16,Protein,1.4493,Arg106Trp,run1,1,Arg106Trp_run1_complex_RMSF.dat,Protein,109
17,Protein,1.3254,Arg106Trp,run1,1,Arg106Trp_run1_complex_RMSF.dat,Protein,110
18,Protein,1.327,Arg106Trp,run1,1,Arg106Trp_run1_complex_RMSF.dat,Protein,111
19,Protein,1.9532,Arg106Trp,run1,1,Arg106Trp_run1_complex_RMSF.dat,Protein,112
20,Protein,2.6717,Arg106Trp,run1,1,Arg106Trp_run1_complex_RMSF.dat,Protein,113
21,Protein,3.2498,Arg106Trp,run1,1,Arg106Trp_run1_complex_RMSF.dat,Protein,114
22,Protein,3.3336,Arg106Trp,run1,1,Arg106Trp_run1_complex_RMSF.dat,Protein,115
23,Protein,2.452,Arg106Trp,run1,1,Arg106Trp_run1_complex_RMSF.dat,Protein,116
24,Protein,1.7992,Arg106Trp,run1,1,Arg106Trp_run1_complex_RMSF.dat,Protein,117
25,Protein,1.6956,Arg106Trp,run1,1,Arg106Trp_run1_complex_RMSF.dat,Protein,118
26,Protein,1.3154,Arg106Trp,run1,1,Arg106Trp_run1_complex_RMSF.dat,Protein,119
27,Protein,1.1247,Arg106Trp,run1,1,Arg106Trp_run1_complex_RMSF.dat,Protein,120
28,Protein,1.0056,Arg106Trp,run1,1,Arg106Trp_run1_complex_RMSF.dat,Protein,121
29,Protein,1.1115,Arg106Trp,run1,1,Arg106Trp_run1_complex_RMSF.dat,Protein,122
30,Protein,1.0371,Arg106Trp,run1,1,Arg106Trp_run1_complex_RMSF.dat,Protein,123
31,Protein,1.0687,Arg106Trp,run1,1,Arg106Trp_run1_complex_RMSF.dat,Protein,124
32,Protein,1.5373,Arg106Trp,run1,1,Arg106Trp_run1_complex_RMSF.dat,Protein,125
33,Protein,2.1966,Arg106Trp,run1,1,Arg106Trp_run1_complex_RMSF.dat,Protein,126
34,Protein,3.0368,Arg106Trp,run1,1,Arg106Trp_run1_complex_RMSF.dat,Protein,127
35,Protein,3.5342,Arg106Trp,run1,1,Arg106Trp_run1_complex_RMSF.dat,Protein,128
36,Protein,4.2307,Arg106Trp,run1,1,Arg106Trp_run1_complex_RMSF.dat,Protein,129
37,Protein,2.8771,Arg106Trp,run1,1,Arg106Trp_run1_complex_RMSF.dat,Protein,130
38,Protein,1.6045,Arg106Trp,run1,1,Arg106Trp_run1_complex_RMSF.dat,Protein,131
39,Protein,1.1717,Arg106Trp,run1,1,Arg106Trp_run1_complex_RMSF.dat,Protein,132
40,Protein,1.2462,Arg106Trp,run1,1,Arg106Trp_run1_complex_RMSF.dat,Protein,133
41,Protein,1.7051,Arg106Trp,run1,1,Arg106Trp_run1_complex_RMSF.dat,Protein,134
42,Protein,1.9303,Arg106Trp,run1,1,Arg106Trp_run1_complex_RMSF.dat,Protein,135
43,Protein,2.4765,Arg106Trp,run1,1,Arg106Trp_run1_complex_RMSF.dat,Protein,136
44,Protein,2.1413,Arg106Trp,run1,1,Arg106Trp_run1_complex_RMSF.dat,Protein,137
45,Protein,1.6884,Arg106Trp,run1,1,Arg106Trp_run1_complex_RMSF.dat,Protein,138
46,Protein,2.376,Arg106Trp,run1,1,Arg106Trp_run1_complex_RMSF.dat,Protein,139
47,Protein,2.7866,Arg106Trp,run1,1,Arg106Trp_run1_complex_RMSF.dat,Protein,140
48,Protein,2.3877,Arg106Trp,run1,1,Arg106Trp_run1_complex_RMSF.dat,Protein,141
49,Protein,2.4553,Arg106Trp,run1,1,Arg106Trp_run1_complex_RMSF.dat,Protein,142
50,Protein,3.2223,Arg106Trp,run1,1,Arg106Trp_run1_complex_RMSF.dat,Protein,143
51,Protein,3.3969,Arg106Trp,run1,1,Arg106Trp_run1_complex_RMSF.dat,Protein,144
52,Protein,3.3665,Arg106Trp,run1,1,Arg106Trp_run1_complex_RMSF.dat,Protein,145
53,Protein,4.3005,Arg106Trp,run1,1,Arg106Trp_run1_complex_RMSF.dat,Protein,146
54,Protein,4.1011,Arg106Trp,run1,1,Arg106Trp_run1_complex_RMSF.dat,Protein,147
55,Protein,4.5679,Arg106Trp,run1,1,Arg106Trp_run1_complex_RMSF.dat,Protein,148
56,Protein,3.4245,Arg106Trp,run1,1,Arg106Trp_run1_complex_RMSF.dat,Protein,149
57,Protein,2.3738,Arg106Trp,run1,1,Arg106Trp_run1_complex_RMSF.dat,Protein,150
58,Protein,2.4161,Arg106Trp,run1,1,Arg106Trp_run1_complex_RMSF.dat,Protein,151
59,Protein,2.4494,Arg106Trp,run1,1,Arg106Trp_run1_complex_RMSF.dat,Protein,152
60,Protein,3.446,Arg106Trp,run1,1,Arg106Trp_run1_complex_RMSF.dat,Protein,153
61,Protein,2.988,Arg106Trp,run1,1,Arg106Trp_run1_complex_RMSF.dat,Protein,154
62,Protein,2.3424,Arg106Trp,run1,1,Arg106Trp_run1_complex_RMSF.dat,Protein,155
63,Protein,2.9817,Arg106Trp,run1,1,Arg106Trp_run1_complex_RMSF.dat,Protein,156
64,Protein,2.0865,Arg106Trp,run1,1,Arg106Trp_run1_complex_RMSF.dat,Protein,157
65,Protein,2.9994,Arg106Trp,run1,1,Arg106Trp_run1_complex_RMSF.dat,Protein,158
66,Protein,3.9827,Arg106Trp,run1,1,Arg106Trp_run1_complex_RMSF.dat,Protein,159
67,Protein,4.736,Arg106Trp,run1,1,Arg106Trp_run1_complex_RMSF.dat,Protein,160
68,Protein,5.6626,Arg106Trp,run1,1,Arg106Trp_run1_complex_RMSF.dat,Protein,161
69,Protein,6.3403,Arg106Trp,run1,1,Arg106Trp_run1_complex_RMSF.dat,Protein,162
70,DNA,4.2064,Arg106Trp,run1,1,Arg106Trp_run1_complex_RMSF.dat,DNA,1
71,DNA,3.2972,Arg106Trp,run1,1,Arg106Trp_run1_complex_RMSF.dat,DNA,2
72,DNA,2.7787,Arg106Trp,run1,1,Arg106Trp_run1_complex_RMSF.dat,DNA,3
73,DNA,2.5327,Arg106Trp,run1,1,Arg106Trp_run1_complex_RMSF.dat,DNA,4
74,DNA,2.2701,Arg106Trp,run1,1,Arg106Trp_run1_complex_RMSF.dat,DNA,5
75,DNA,1.9191,Arg106Trp,run1,1,Arg106Trp_run1_complex_RMSF.dat,DNA,6
76,DNA,1.7058,Arg106Trp,run1,1,Arg106Trp_run1_complex_RMSF.dat,DNA,7
77,DNA,1.7318,Arg106Trp,run1,1,Arg106Trp_run1_complex_RMSF.dat,DNA,8
78,DNA,1.942,Arg106Trp,run1,1,Arg106Trp_run1_complex_RMSF.dat,DNA,9
79,DNA,1.943,Arg106Trp,run1,1,Arg106Trp_run1_complex_RMSF.dat,DNA,10
80,DNA,2.2204,Arg106Trp,run1,1,Arg106Trp_run1_complex_RMSF.dat,DNA,11
81,DNA,2.2458,Arg106Trp,run1,1,Arg106Trp_run1_complex_RMSF.dat,DNA,12
82,DNA,2.1739,Arg106Trp,run1,1,Arg106Trp_run1_complex_RMSF.dat,DNA,13
83,DNA,2.1503,Arg106Trp,run1,1,Arg106Trp_run1_complex_RMSF.dat,DNA,14
84,DNA,2.2225,Arg106Trp,run1,1,Arg106Trp_run1_complex_RMSF.dat,DNA,15
85,DNA,2.228,Arg106Trp,run1,1,Arg106Trp_run1_complex_RMSF.dat,DNA,16
86,DNA,2.2477,Arg106Trp,run1,1,Arg106Trp_run1_complex_RMSF.dat,DNA,17
87,DNA,2.3922,Arg106Trp,run1,1,Arg106Trp_run1_complex_RMSF.dat,DNA,18
88,DNA,2.8335,Arg106Trp,run1,1,Arg106Trp_run1_complex_RMSF.dat,DNA,19
89,DNA,3.4937,Arg106Trp,run1,1,Arg106Trp_run1_complex_RMSF.dat,DNA,20
90,DNA,6.4272,Arg106Trp,run1,1,Arg106Trp_run1_complex_RMSF.dat,DNA,21
91,DNA,4.407,Arg106Trp,run1,1,Arg106Trp_run1_complex_RMSF.dat,DNA,22
92,DNA,3.7387,Arg106Trp,run1,1,Arg106Trp_run1_complex_RMSF.dat,DNA,23
93,DNA,2.8416,Arg106Trp,run1,1,Arg106Trp_run1_complex_RMSF.dat,DNA,24
94,DNA,2.3611,Arg106Trp,run1,1,Arg106Trp_run1_complex_RMSF.dat,DNA,25
95,DNA,2.192,Arg106Trp,run1,1,Arg106Trp_run1_complex_RMSF.dat,DNA,26
96,DNA,2.1504,Arg106Trp,run1,1,Arg106Trp_run1_complex_RMSF.dat,DNA,27
97,DNA,2.1189,Arg106Trp,run1,1,Arg106Trp_run1_complex_RMSF.dat,DNA,28
98,DNA,2.0341,Arg106Trp,run1,1,Arg106Trp_run1_complex_RMSF.dat,DNA,29
99,DNA,2.0105,Arg106Trp,run1,1,Arg106Trp_run1_complex_RMSF.dat,DNA,30
100,DNA,1.9278,Arg106Trp,run1,1,Arg106Trp_run1_complex_RMSF.dat,DNA,31
101,DNA,1.7538,Arg106Trp,run1,1,Arg106Trp_run1_complex_RMSF.dat,DNA,32
102,DNA,1.7332,Arg106Trp,run1,1,Arg106Trp_run1_complex_RMSF.dat,DNA,33
103,DNA,1.9576,Arg106Trp,run1,1,Arg106Trp_run1_complex_RMSF.dat,DNA,34
104,DNA,2.0081,Arg106Trp,run1,1,Arg106Trp_run1_complex_RMSF.dat,DNA,35
105,DNA,1.9706,Arg106Trp,run1,1,Arg106Trp_run1_complex_RMSF.dat,DNA,36
106,DNA,2.0127,Arg106Trp,run1,1,Arg106Trp_run1_complex_RMSF.dat,DNA,37
107,DNA,2.0754,Arg106Trp,run1,1,Arg106Trp_run1_complex_RMSF.dat,DNA,38
108,DNA,2.3516,Arg106Trp,run1,1,Arg106Trp_run1_complex_RMSF.dat,DNA,39
109,DNA,2.9677,Arg106Trp,run1,1,Arg106Trp_run1_complex_RMSF.dat,DNA,40
1,Protein,2.9192,Arg106Trp,run2,2,Arg106Trp_run2_complex_RMSF.dat,Protein,94
2,Protein,3.3412,Arg106Trp,run2,2,Arg106Trp_run2_complex_RMSF.dat,Protein,95
3,Protein,2.476,Arg106Trp,run2,2,Arg106Trp_run2_complex_RMSF.dat,Protein,96
4,Protein,1.7842,Arg106Trp,run2,2,Arg106Trp_run2_complex_RMSF.dat,Protein,97
5,Protein,1.3855,Arg106Trp,run2,2,Arg106Trp_run2_complex_RMSF.dat,Protein,98
6,Protein,1.4566,Arg106Trp,run2,2,Arg106Trp_run2_complex_RMSF.dat,Protein,99
7,Protein,1.167,Arg106Trp,run2,2,Arg106Trp_run2_complex_RMSF.dat,Protein,100
8,Protein,1.343,Arg106Trp,run2,2,Arg106Trp_run2_complex_RMSF.dat,Protein,101
9,Protein,1.5666,Arg106Trp,run2,2,Arg106Trp_run2_complex_RMSF.dat,Protein,102
10,Protein,1.6169,Arg106Trp,run2,2,Arg106Trp_run2_complex_RMSF.dat,Protein,103
11,Protein,1.1039,Arg106Trp,run2,2,Arg106Trp_run2_complex_RMSF.dat,Protein,104
12,Protein,1.0269,Arg106Trp,run2,2,Arg106Trp_run2_complex_RMSF.dat,Protein,105
13,Protein,0.9414,Arg106Trp,run2,2,Arg106Trp_run2_complex_RMSF.dat,Protein,106
14,Protein,0.9907,Arg106Trp,run2,2,Arg106Trp_run2_complex_RMSF.dat,Protein,107
15,Protein,1.028,Arg106Trp,run2,2,Arg106Trp_run2_complex_RMSF.dat,Protein,108
16,Protein,1.1581,Arg106Trp,run2,2,Arg106Trp_run2_complex_RMSF.dat,Protein,109
17,Protein,1.3129,Arg106Trp,run2,2,Arg106Trp_run2_complex_RMSF.dat,Protein,110
18,Protein,1.3308,Arg106Trp,run2,2,Arg106Trp_run2_complex_RMSF.dat,Protein,111
19,Protein,1.9219,Arg106Trp,run2,2,Arg106Trp_run2_complex_RMSF.dat,Protein,112
20,Protein,1.7373,Arg106Trp,run2,2,Arg106Trp_run2_complex_RMSF.dat,Protein,113
21,Protein,1.5991,Arg106Trp,run2,2,Arg106Trp_run2_complex_RMSF.dat,Protein,114
22,Protein,1.6293,Arg106Trp,run2,2,Arg106Trp_run2_complex_RMSF.dat,Protein,115
23,Protein,1.396,Arg106Trp,run2,2,Arg106Trp_run2_complex_RMSF.dat,Protein,116
24,Protein,1.6253,Arg106Trp,run2,2,Arg106Trp_run2_complex_RMSF.dat,Protein,117
25,Protein,1.8073,Arg106Trp,run2,2,Arg106Trp_run2_complex_RMSF.dat,Protein,118
26,Protein,1.4368,Arg106Trp,run2,2,Arg106Trp_run2_complex_RMSF.dat,Protein,119
27,Protein,1.1231,Arg106Trp,run2,2,Arg106Trp_run2_complex_RMSF.dat,Protein,120
28,Protein,0.8827,Arg106Trp,run2,2,Arg106Trp_run2_complex_RMSF.dat,Protein,121
29,Protein,0.8493,Arg106Trp,run2,2,Arg106Trp_run2_complex_RMSF.dat,Protein,122
30,Protein,0.7712,Arg106Trp,run2,2,Arg106Trp_run2_complex_RMSF.dat,Protein,123
31,Protein,0.7213,Arg106Trp,run2,2,Arg106Trp_run2_complex_RMSF.dat,Protein,124
32,Protein,0.9331,Arg106Trp,run2,2,Arg106Trp_run2_complex_RMSF.dat,Protein,125
33,Protein,1.187,Arg106Trp,run2,2,Arg106Trp_run2_complex_RMSF.dat,Protein,126
34,Protein,1.6799,Arg106Trp,run2,2,Arg106Trp_run2_complex_RMSF.dat,Protein,127
35,Protein,1.8781,Arg106Trp,run2,2,Arg106Trp_run2_complex_RMSF.dat,Protein,128
36,Protein,1.8189,Arg106Trp,run2,2,Arg106Trp_run2_complex_RMSF.dat,Protein,129
37,Protein,1.3847,Arg106Trp,run2,2,Arg106Trp_run2_complex_RMSF.dat,Protein,130
38,Protein,1.0498,Arg106Trp,run2,2,Arg106Trp_run2_complex_RMSF.dat,Protein,131
39,Protein,0.8043,Arg106Trp,run2,2,Arg106Trp_run2_complex_RMSF.dat,Protein,132
40,Protein,0.8416,Arg106Trp,run2,2,Arg106Trp_run2_complex_RMSF.dat,Protein,133
41,Protein,1.0493,Arg106Trp,run2,2,Arg106Trp_run2_complex_RMSF.dat,Protein,134
42,Protein,1.2109,Arg106Trp,run2,2,Arg106Trp_run2_complex_RMSF.dat,Protein,135
43,Protein,1.4424,Arg106Trp,run2,2,Arg106Trp_run2_complex_RMSF.dat,Protein,136
44,Protein,1.3277,Arg106Trp,run2,2,Arg106Trp_run2_complex_RMSF.dat,Protein,137
45,Protein,1.2004,Arg106Trp,run2,2,Arg106Trp_run2_complex_RMSF.dat,Protein,138
46,Protein,1.5208,Arg106Trp,run2,2,Arg106Trp_run2_complex_RMSF.dat,Protein,139
47,Protein,1.7276,Arg106Trp,run2,2,Arg106Trp_run2_complex_RMSF.dat,Protein,140
48,Protein,1.5616,Arg106Trp,run2,2,Arg106Trp_run2_complex_RMSF.dat,Protein,141
49,Protein,1.6977,Arg106Trp,run2,2,Arg106Trp_run2_complex_RMSF.dat,Protein,142
50,Protein,2.2066,Arg106Trp,run2,2,Arg106Trp_run2_complex_RMSF.dat,Protein,143
51,Protein,2.3623,Arg106Trp,run2,2,Arg106Trp_run2_complex_RMSF.dat,Protein,144
52,Protein,2.2039,Arg106Trp,run2,2,Arg106Trp_run2_complex_RMSF.dat,Protein,145
53,Protein,2.6879,Arg106Trp,run2,2,Arg106Trp_run2_complex_RMSF.dat,Protein,146
54,Protein,2.4739,Arg106Trp,run2,2,Arg106Trp_run2_complex_RMSF.dat,Protein,147
55,Protein,1.8468,Arg106Trp,run2,2,Arg106Trp_run2_complex_RMSF.dat,Protein,148
56,Protein,1.7619,Arg106Trp,run2,2,Arg106Trp_run2_complex_RMSF.dat,Protein,149
57,Protein,1.4014,Arg106Trp,run2,2,Arg106Trp_run2_complex_RMSF.dat,Protein,150
58,Protein,1.5259,Arg106Trp,run2,2,Arg106Trp_run2_complex_RMSF.dat,Protein,151
59,Protein,1.4461,Arg106Trp,run2,2,Arg106Trp_run2_complex_RMSF.dat,Protein,152
60,Protein,2.2705,Arg106Trp,run2,2,Arg106Trp_run2_complex_RMSF.dat,Protein,153
61,Protein,2.413,Arg106Trp,run2,2,Arg106Trp_run2_complex_RMSF.dat,Protein,154
62,Protein,1.6084,Arg106Trp,run2,2,Arg106Trp_run2_complex_RMSF.dat,Protein,155
63,Protein,1.1954,Arg106Trp,run2,2,Arg106Trp_run2_complex_RMSF.dat,Protein,156
64,Protein,0.9493,Arg106Trp,run2,2,Arg106Trp_run2_complex_RMSF.dat,Protein,157
65,Protein,1.167,Arg106Trp,run2,2,Arg106Trp_run2_complex_RMSF.dat,Protein,158
66,Protein,1.3957,Arg106Trp,run2,2,Arg106Trp_run2_complex_RMSF.dat,Protein,159
67,Protein,1.5157,Arg106Trp,run2,2,Arg106Trp_run2_complex_RMSF.dat,Protein,160
68,Protein,1.6703,Arg106Trp,run2,2,Arg106Trp_run2_complex_RMSF.dat,Protein,161
69,Protein,1.8063,Arg106Trp,run2,2,Arg106Trp_run2_complex_RMSF.dat,Protein,162
70,DNA,4.7221,Arg106Trp,run2,2,Arg106Trp_run2_complex_RMSF.dat,DNA,1
71,DNA,3.6405,Arg106Trp,run2,2,Arg106Trp_run2_complex_RMSF.dat,DNA,2
72,DNA,3.0724,Arg106Trp,run2,2,Arg106Trp_run2_complex_RMSF.dat,DNA,3
73,DNA,2.6222,Arg106Trp,run2,2,Arg106Trp_run2_complex_RMSF.dat,DNA,4
74,DNA,2.2627,Arg106Trp,run2,2,Arg106Trp_run2_complex_RMSF.dat,DNA,5
75,DNA,2.0945,Arg106Trp,run2,2,Arg106Trp_run2_complex_RMSF.dat,DNA,6
76,DNA,1.6743,Arg106Trp,run2,2,Arg106Trp_run2_complex_RMSF.dat,DNA,7
77,DNA,1.4055,Arg106Trp,run2,2,Arg106Trp_run2_complex_RMSF.dat,DNA,8
78,DNA,1.2661,Arg106Trp,run2,2,Arg106Trp_run2_complex_RMSF.dat,DNA,9
79,DNA,1.4181,Arg106Trp,run2,2,Arg106Trp_run2_complex_RMSF.dat,DNA,10
80,DNA,1.5783,Arg106Trp,run2,2,Arg106Trp_run2_complex_RMSF.dat,DNA,11
81,DNA,1.6351,Arg106Trp,run2,2,Arg106Trp_run2_complex_RMSF.dat,DNA,12
82,DNA,1.5535,Arg106Trp,run2,2,Arg106Trp_run2_complex_RMSF.dat,DNA,13
83,DNA,1.4878,Arg106Trp,run2,2,Arg106Trp_run2_complex_RMSF.dat,DNA,14
84,DNA,1.4429,Arg106Trp,run2,2,Arg106Trp_run2_complex_RMSF.dat,DNA,15
85,DNA,1.5116,Arg106Trp,run2,2,Arg106Trp_run2_complex_RMSF.dat,DNA,16
86,DNA,1.7052,Arg106Trp,run2,2,Arg106Trp_run2_complex_RMSF.dat,DNA,17
87,DNA,2.0118,Arg106Trp,run2,2,Arg106Trp_run2_complex_RMSF.dat,DNA,18
88,DNA,2.4644,Arg106Trp,run2,2,Arg106Trp_run2_complex_RMSF.dat,DNA,19
89,DNA,3.1444,Arg106Trp,run2,2,Arg106Trp_run2_complex_RMSF.dat,DNA,20
90,DNA,4.6959,Arg106Trp,run2,2,Arg106Trp_run2_complex_RMSF.dat,DNA,21
91,DNA,3.6216,Arg106Trp,run2,2,Arg106Trp_run2_complex_RMSF.dat,DNA,22
92,DNA,2.9576,Arg106Trp,run2,2,Arg106Trp_run2_complex_RMSF.dat,DNA,23
93,DNA,2.4312,Arg106Trp,run2,2,Arg106Trp_run2_complex_RMSF.dat,DNA,24
94,DNA,2.1377,Arg106Trp,run2,2,Arg106Trp_run2_complex_RMSF.dat,DNA,25
95,DNA,1.9853,Arg106Trp,run2,2,Arg106Trp_run2_complex_RMSF.dat,DNA,26
96,DNA,1.8851,Arg106Trp,run2,2,Arg106Trp_run2_complex_RMSF.dat,DNA,27
97,DNA,1.7589,Arg106Trp,run2,2,Arg106Trp_run2_complex_RMSF.dat,DNA,28
98,DNA,1.5595,Arg106Trp,run2,2,Arg106Trp_run2_complex_RMSF.dat,DNA,29
99,DNA,1.3463,Arg106Trp,run2,2,Arg106Trp_run2_complex_RMSF.dat,DNA,30
100,DNA,1.1947,Arg106Trp,run2,2,Arg106Trp_run2_complex_RMSF.dat,DNA,31
101,DNA,1.2485,Arg106Trp,run2,2,Arg106Trp_run2_complex_RMSF.dat,DNA,32
102,DNA,1.1809,Arg106Trp,run2,2,Arg106Trp_run2_complex_RMSF.dat,DNA,33
103,DNA,1.2993,Arg106Trp,run2,2,Arg106Trp_run2_complex_RMSF.dat,DNA,34
104,DNA,1.4064,Arg106Trp,run2,2,Arg106Trp_run2_complex_RMSF.dat,DNA,35
105,DNA,1.5272,Arg106Trp,run2,2,Arg106Trp_run2_complex_RMSF.dat,DNA,36
106,DNA,1.7642,Arg106Trp,run2,2,Arg106Trp_run2_complex_RMSF.dat,DNA,37
107,DNA,1.9866,Arg106Trp,run2,2,Arg106Trp_run2_complex_RMSF.dat,DNA,38
108,DNA,2.302,Arg106Trp,run2,2,Arg106Trp_run2_complex_RMSF.dat,DNA,39
109,DNA,2.9329,Arg106Trp,run2,2,Arg106Trp_run2_complex_RMSF.dat,DNA,40
1,Protein,2.3955,Arg106Trp,run3,3,Arg106Trp_run3_complex_RMSF.dat,Protein,94
2,Protein,2.3576,Arg106Trp,run3,3,Arg106Trp_run3_complex_RMSF.dat,Protein,95
3,Protein,2.4396,Arg106Trp,run3,3,Arg106Trp_run3_complex_RMSF.dat,Protein,96
4,Protein,1.9564,Arg106Trp,run3,3,Arg106Trp_run3_complex_RMSF.dat,Protein,97
5,Protein,2.1988,Arg106Trp,run3,3,Arg106Trp_run3_complex_RMSF.dat,Protein,98
6,Protein,2.0286,Arg106Trp,run3,3,Arg106Trp_run3_complex_RMSF.dat,Protein,99
7,Protein,1.4397,Arg106Trp,run3,3,Arg106Trp_run3_complex_RMSF.dat,Protein,100
8,Protein,1.5352,Arg106Trp,run3,3,Arg106Trp_run3_complex_RMSF.dat,Protein,101
9,Protein,1.6635,Arg106Trp,run3,3,Arg106Trp_run3_complex_RMSF.dat,Protein,102
10,Protein,1.5773,Arg106Trp,run3,3,Arg106Trp_run3_complex_RMSF.dat,Protein,103
11,Protein,1.1503,Arg106Trp,run3,3,Arg106Trp_run3_complex_RMSF.dat,Protein,104
12,Protein,1.0372,Arg106Trp,run3,3,Arg106Trp_run3_complex_RMSF.dat,Protein,105
13,Protein,0.9144,Arg106Trp,run3,3,Arg106Trp_run3_complex_RMSF.dat,Protein,106
14,Protein,1.0196,Arg106Trp,run3,3,Arg106Trp_run3_complex_RMSF.dat,Protein,107
15,Protein,1.0416,Arg106Trp,run3,3,Arg106Trp_run3_complex_RMSF.dat,Protein,108
16,Protein,1.1622,Arg106Trp,run3,3,Arg106Trp_run3_complex_RMSF.dat,Protein,109
17,Protein,1.3142,Arg106Trp,run3,3,Arg106Trp_run3_complex_RMSF.dat,Protein,110
18,Protein,1.3386,Arg106Trp,run3,3,Arg106Trp_run3_complex_RMSF.dat,Protein,111
19,Protein,1.8615,Arg106Trp,run3,3,Arg106Trp_run3_complex_RMSF.dat,Protein,112
20,Protein,1.6402,Arg106Trp,run3,3,Arg106Trp_run3_complex_RMSF.dat,Protein,113
21,Protein,1.5567,Arg106Trp,run3,3,Arg106Trp_run3_complex_RMSF.dat,Protein,114
22,Protein,1.6256,Arg106Trp,run3,3,Arg106Trp_run3_complex_RMSF.dat,Protein,115
23,Protein,1.4251,Arg106Trp,run3,3,Arg106Trp_run3_complex_RMSF.dat,Protein,116
24,Protein,1.6096,Arg106Trp,run3,3,Arg106Trp_run3_complex_RMSF.dat,Protein,117
25,Protein,1.7704,Arg106Trp,run3,3,Arg106Trp_run3_complex_RMSF.dat,Protein,118
26,Protein,1.4438,Arg106Trp,run3,3,Arg106Trp_run3_complex_RMSF.dat,Protein,119
27,Protein,1.1697,Arg106Trp,run3,3,Arg106Trp_run3_complex_RMSF.dat,Protein,120
28,Protein,0.9517,Arg106Trp,run3,3,Arg106Trp_run3_complex_RMSF.dat,Protein,121
29,Protein,0.8825,Arg106Trp,run3,3,Arg106Trp_run3_complex_RMSF.dat,Protein,122
30,Protein,0.8004,Arg106Trp,run3,3,Arg106Trp_run3_complex_RMSF.dat,Protein,123
31,Protein,0.7845,Arg106Trp,run3,3,Arg106Trp_run3_complex_RMSF.dat,Protein,124
32,Protein,1.0149,Arg106Trp,run3,3,Arg106Trp_run3_complex_RMSF.dat,Protein,125
33,Protein,1.2388,Arg106Trp,run3,3,Arg106Trp_run3_complex_RMSF.dat,Protein,126
34,Protein,1.6539,Arg106Trp,run3,3,Arg106Trp_run3_complex_RMSF.dat,Protein,127
35,Protein,1.9479,Arg106Trp,run3,3,Arg106Trp_run3_complex_RMSF.dat,Protein,128
36,Protein,1.7268,Arg106Trp,run3,3,Arg106Trp_run3_complex_RMSF.dat,Protein,129
37,Protein,1.5429,Arg106Trp,run3,3,Arg106Trp_run3_complex_RMSF.dat,Protein,130
38,Protein,1.1734,Arg106Trp,run3,3,Arg106Trp_run3_complex_RMSF.dat,Protein,131
39,Protein,0.8877,Arg106Trp,run3,3,Arg106Trp_run3_complex_RMSF.dat,Protein,132
40,Protein,0.9678,Arg106Trp,run3,3,Arg106Trp_run3_complex_RMSF.dat,Protein,133
41,Protein,1.3243,Arg106Trp,run3,3,Arg106Trp_run3_complex_RMSF.dat,Protein,134
42,Protein,1.3889,Arg106Trp,run3,3,Arg106Trp_run3_complex_RMSF.dat,Protein,135
43,Protein,1.6469,Arg106Trp,run3,3,Arg106Trp_run3_complex_RMSF.dat,Protein,136
44,Protein,1.5381,Arg106Trp,run3,3,Arg106Trp_run3_complex_RMSF.dat,Protein,137
45,Protein,1.3089,Arg106Trp,run3,3,Arg106Trp_run3_complex_RMSF.dat,Protein,138
46,Protein,1.7342,Arg106Trp,run3,3,Arg106Trp_run3_complex_RMSF.dat,Protein,139
47,Protein,2.0658,Arg106Trp,run3,3,Arg106Trp_run3_complex_RMSF.dat,Protein,140
48,Protein,1.8783,Arg106Trp,run3,3,Arg106Trp_run3_complex_RMSF.dat,Protein,141
49,Protein,1.9716,Arg106Trp,run3,3,Arg106Trp_run3_complex_RMSF.dat,Protein,142
50,Protein,2.4848,Arg106Trp,run3,3,Arg106Trp_run3_complex_RMSF.dat,Protein,143
51,Protein,2.7414,Arg106Trp,run3,3,Arg106Trp_run3_complex_RMSF.dat,Protein,144
52,Protein,2.637,Arg106Trp,run3,3,Arg106Trp_run3_complex_RMSF.dat,Protein,145
53,Protein,3.6321,Arg106Trp,run3,3,Arg106Trp_run3_complex_RMSF.dat,Protein,146
54,Protein,2.9043,Arg106Trp,run3,3,Arg106Trp_run3_complex_RMSF.dat,Protein,147
55,Protein,2.7115,Arg106Trp,run3,3,Arg106Trp_run3_complex_RMSF.dat,Protein,148
56,Protein,2.5642,Arg106Trp,run3,3,Arg106Trp_run3_complex_RMSF.dat,Protein,149
57,Protein,1.9838,Arg106Trp,run3,3,Arg106Trp_run3_complex_RMSF.dat,Protein,150
58,Protein,2.0245,Arg106Trp,run3,3,Arg106Trp_run3_complex_RMSF.dat,Protein,151
59,Protein,1.8373,Arg106Trp,run3,3,Arg106Trp_run3_complex_RMSF.dat,Protein,152
60,Protein,2.1473,Arg106Trp,run3,3,Arg106Trp_run3_complex_RMSF.dat,Protein,153
61,Protein,1.8566,Arg106Trp,run3,3,Arg106Trp_run3_complex_RMSF.dat,Protein,154
62,Protein,1.2446,Arg106Trp,run3,3,Arg106Trp_run3_complex_RMSF.dat,Protein,155
63,Protein,1.305,Arg106Trp,run3,3,Arg106Trp_run3_complex_RMSF.dat,Protein,156
64,Protein,1.0642,Arg106Trp,run3,3,Arg106Trp_run3_complex_RMSF.dat,Protein,157
65,Protein,1.5447,Arg106Trp,run3,3,Arg106Trp_run3_complex_RMSF.dat,Protein,158
66,Protein,2.3461,Arg106Trp,run3,3,Arg106Trp_run3_complex_RMSF.dat,Protein,159
67,Protein,2.8078,Arg106Trp,run3,3,Arg106Trp_run3_complex_RMSF.dat,Protein,160
68,Protein,3.4335,Arg106Trp,run3,3,Arg106Trp_run3_complex_RMSF.dat,Protein,161
69,Protein,4.2789,Arg106Trp,run3,3,Arg106Trp_run3_complex_RMSF.dat,Protein,162
70,DNA,5.08,Arg106Trp,run3,3,Arg106Trp_run3_complex_RMSF.dat,DNA,1
71,DNA,3.9624,Arg106Trp,run3,3,Arg106Trp_run3_complex_RMSF.dat,DNA,2
72,DNA,3.3318,Arg106Trp,run3,3,Arg106Trp_run3_complex_RMSF.dat,DNA,3
73,DNA,2.7699,Arg106Trp,run3,3,Arg106Trp_run3_complex_RMSF.dat,DNA,4
74,DNA,2.1832,Arg106Trp,run3,3,Arg106Trp_run3_complex_RMSF.dat,DNA,5
75,DNA,1.8309,Arg106Trp,run3,3,Arg106Trp_run3_complex_RMSF.dat,DNA,6
76,DNA,1.5902,Arg106Trp,run3,3,Arg106Trp_run3_complex_RMSF.dat,DNA,7
77,DNA,1.4041,Arg106Trp,run3,3,Arg106Trp_run3_complex_RMSF.dat,DNA,8
78,DNA,1.3813,Arg106Trp,run3,3,Arg106Trp_run3_complex_RMSF.dat,DNA,9
79,DNA,1.5918,Arg106Trp,run3,3,Arg106Trp_run3_complex_RMSF.dat,DNA,10
80,DNA,1.7213,Arg106Trp,run3,3,Arg106Trp_run3_complex_RMSF.dat,DNA,11
81,DNA,1.759,Arg106Trp,run3,3,Arg106Trp_run3_complex_RMSF.dat,DNA,12
82,DNA,1.6758,Arg106Trp,run3,3,Arg106Trp_run3_complex_RMSF.dat,DNA,13
83,DNA,1.6458,Arg106Trp,run3,3,Arg106Trp_run3_complex_RMSF.dat,DNA,14
84,DNA,1.6876,Arg106Trp,run3,3,Arg106Trp_run3_complex_RMSF.dat,DNA,15
85,DNA,1.7326,Arg106Trp,run3,3,Arg106Trp_run3_complex_RMSF.dat,DNA,16
86,DNA,1.7853,Arg106Trp,run3,3,Arg106Trp_run3_complex_RMSF.dat,DNA,17
87,DNA,2.0408,Arg106Trp,run3,3,Arg106Trp_run3_complex_RMSF.dat,DNA,18
88,DNA,2.5785,Arg106Trp,run3,3,Arg106Trp_run3_complex_RMSF.dat,DNA,19
89,DNA,3.9067,Arg106Trp,run3,3,Arg106Trp_run3_complex_RMSF.dat,DNA,20
90,DNA,5.6409,Arg106Trp,run3,3,Arg106Trp_run3_complex_RMSF.dat,DNA,21
91,DNA,4.2915,Arg106Trp,run3,3,Arg106Trp_run3_complex_RMSF.dat,DNA,22
92,DNA,3.3318,Arg106Trp,run3,3,Arg106Trp_run3_complex_RMSF.dat,DNA,23
93,DNA,2.6704,Arg106Trp,run3,3,Arg106Trp_run3_complex_RMSF.dat,DNA,24
94,DNA,2.2908,Arg106Trp,run3,3,Arg106Trp_run3_complex_RMSF.dat,DNA,25
95,DNA,2.103,Arg106Trp,run3,3,Arg106Trp_run3_complex_RMSF.dat,DNA,26
96,DNA,2.0025,Arg106Trp,run3,3,Arg106Trp_run3_complex_RMSF.dat,DNA,27
97,DNA,1.9054,Arg106Trp,run3,3,Arg106Trp_run3_complex_RMSF.dat,DNA,28
98,DNA,1.7517,Arg106Trp,run3,3,Arg106Trp_run3_complex_RMSF.dat,DNA,29
99,DNA,1.634,Arg106Trp,run3,3,Arg106Trp_run3_complex_RMSF.dat,DNA,30
100,DNA,1.4836,Arg106Trp,run3,3,Arg106Trp_run3_complex_RMSF.dat,DNA,31
101,DNA,1.4117,Arg106Trp,run3,3,Arg106Trp_run3_complex_RMSF.dat,DNA,32
102,DNA,1.3026,Arg106Trp,run3,3,Arg106Trp_run3_complex_RMSF.dat,DNA,33
103,DNA,1.388,Arg106Trp,run3,3,Arg106Trp_run3_complex_RMSF.dat,DNA,34
104,DNA,1.4719,Arg106Trp,run3,3,Arg106Trp_run3_complex_RMSF.dat,DNA,35
105,DNA,1.6281,Arg106Trp,run3,3,Arg106Trp_run3_complex_RMSF.dat,DNA,36
106,DNA,1.8071,Arg106Trp,run3,3,Arg106Trp_run3_complex_RMSF.dat,DNA,37
107,DNA,2.0328,Arg106Trp,run3,3,Arg106Trp_run3_complex_RMSF.dat,DNA,38
108,DNA,2.3283,Arg106Trp,run3,3,Arg106Trp_run3_complex_RMSF.dat,DNA,39
109,DNA,2.9342,Arg106Trp,run3,3,Arg106Trp_run3_complex_RMSF.dat,DNA,40
1,Protein,1.358,Arg111Gly,run1,1,Arg111Gly_run1_complex_RMSF.dat,Protein,94
2,Protein,1.3801,Arg111Gly,run1,1,Arg111Gly_run1_complex_RMSF.dat,Protein,95
3,Protein,1.4411,Arg111Gly,run1,1,Arg111Gly_run1_complex_RMSF.dat,Protein,96
4,Protein,1.3831,Arg111Gly,run1,1,Arg111Gly_run1_complex_RMSF.dat,Protein,97
5,Protein,1.7633,Arg111Gly,run1,1,Arg111Gly_run1_complex_RMSF.dat,Protein,98
6,Protein,1.6287,Arg111Gly,run1,1,Arg111Gly_run1_complex_RMSF.dat,Protein,99
7,Protein,1.3799,Arg111Gly,run1,1,Arg111Gly_run1_complex_RMSF.dat,Protein,100
8,Protein,1.5801,Arg111Gly,run1,1,Arg111Gly_run1_complex_RMSF.dat,Protein,101
9,Protein,1.7067,Arg111Gly,run1,1,Arg111Gly_run1_complex_RMSF.dat,Protein,102
10,Protein,1.5962,Arg111Gly,run1,1,Arg111Gly_run1_complex_RMSF.dat,Protein,103
11,Protein,1.2277,Arg111Gly,run1,1,Arg111Gly_run1_complex_RMSF.dat,Protein,104
12,Protein,1.1001,Arg111Gly,run1,1,Arg111Gly_run1_complex_RMSF.dat,Protein,105
13,Protein,0.9451,Arg111Gly,run1,1,Arg111Gly_run1_complex_RMSF.dat,Protein,106
14,Protein,1.0379,Arg111Gly,run1,1,Arg111Gly_run1_complex_RMSF.dat,Protein,107
15,Protein,1.0322,Arg111Gly,run1,1,Arg111Gly_run1_complex_RMSF.dat,Protein,108
16,Protein,1.3024,Arg111Gly,run1,1,Arg111Gly_run1_complex_RMSF.dat,Protein,109
17,Protein,1.4357,Arg111Gly,run1,1,Arg111Gly_run1_complex_RMSF.dat,Protein,110
18,Protein,1.5362,Arg111Gly,run1,1,Arg111Gly_run1_complex_RMSF.dat,Protein,111
19,Protein,1.9224,Arg111Gly,run1,1,Arg111Gly_run1_complex_RMSF.dat,Protein,112
20,Protein,2.0464,Arg111Gly,run1,1,Arg111Gly_run1_complex_RMSF.dat,Protein,113
21,Protein,2.7312,Arg111Gly,run1,1,Arg111Gly_run1_complex_RMSF.dat,Protein,114
22,Protein,2.6289,Arg111Gly,run1,1,Arg111Gly_run1_complex_RMSF.dat,Protein,115
23,Protein,1.8885,Arg111Gly,run1,1,Arg111Gly_run1_complex_RMSF.dat,Protein,116
24,Protein,2.2241,Arg111Gly,run1,1,Arg111Gly_run1_complex_RMSF.dat,Protein,117
25,Protein,2.3511,Arg111Gly,run1,1,Arg111Gly_run1_complex_RMSF.dat,Protein,118
26,Protein,1.6146,Arg111Gly,run1,1,Arg111Gly_run1_complex_RMSF.dat,Protein,119
27,Protein,1.1887,Arg111Gly,run1,1,Arg111Gly_run1_complex_RMSF.dat,Protein,120
28,Protein,0.9083,Arg111Gly,run1,1,Arg111Gly_run1_complex_RMSF.dat,Protein,121
29,Protein,0.7992,Arg111Gly,run1,1,Arg111Gly_run1_complex_RMSF.dat,Protein,122
30,Protein,0.775,Arg111Gly,run1,1,Arg111Gly_run1_complex_RMSF.dat,Protein,123
31,Protein,0.8125,Arg111Gly,run1,1,Arg111Gly_run1_complex_RMSF.dat,Protein,124
32,Protein,1.0511,Arg111Gly,run1,1,Arg111Gly_run1_complex_RMSF.dat,Protein,125
33,Protein,1.2837,Arg111Gly,run1,1,Arg111Gly_run1_complex_RMSF.dat,Protein,126
34,Protein,1.6331,Arg111Gly,run1,1,Arg111Gly_run1_complex_RMSF.dat,Protein,127
35,Protein,1.8816,Arg111Gly,run1,1,Arg111Gly_run1_complex_RMSF.dat,Protein,128
36,Protein,1.6423,Arg111Gly,run1,1,Arg111Gly_run1_complex_RMSF.dat,Protein,129
37,Protein,1.4666,Arg111Gly,run1,1,Arg111Gly_run1_complex_RMSF.dat,Protein,130
38,Protein,1.1458,Arg111Gly,run1,1,Arg111Gly_run1_complex_RMSF.dat,Protein,131
39,Protein,0.9452,Arg111Gly,run1,1,Arg111Gly_run1_complex_RMSF.dat,Protein,132
40,Protein,0.9533,Arg111Gly,run1,1,Arg111Gly_run1_complex_RMSF.dat,Protein,133
41,Protein,1.041,Arg111Gly,run1,1,Arg111Gly_run1_complex_RMSF.dat,Protein,134
42,Protein,1.1796,Arg111Gly,run1,1,Arg111Gly_run1_complex_RMSF.dat,Protein,135
43,Protein,1.4538,Arg111Gly,run1,1,Arg111Gly_run1_complex_RMSF.dat,Protein,136
44,Protein,1.3889,Arg111Gly,run1,1,Arg111Gly_run1_complex_RMSF.dat,Protein,137
45,Protein,1.2551,Arg111Gly,run1,1,Arg111Gly_run1_complex_RMSF.dat,Protein,138
46,Protein,1.7298,Arg111Gly,run1,1,Arg111Gly_run1_complex_RMSF.dat,Protein,139
47,Protein,1.975,Arg111Gly,run1,1,Arg111Gly_run1_complex_RMSF.dat,Protein,140
48,Protein,1.7455,Arg111Gly,run1,1,Arg111Gly_run1_complex_RMSF.dat,Protein,141
49,Protein,1.8492,Arg111Gly,run1,1,Arg111Gly_run1_complex_RMSF.dat,Protein,142
50,Protein,2.3865,Arg111Gly,run1,1,Arg111Gly_run1_complex_RMSF.dat,Protein,143
51,Protein,2.5906,Arg111Gly,run1,1,Arg111Gly_run1_complex_RMSF.dat,Protein,144
52,Protein,2.4079,Arg111Gly,run1,1,Arg111Gly_run1_complex_RMSF.dat,Protein,145
53,Protein,3.1789,Arg111Gly,run1,1,Arg111Gly_run1_complex_RMSF.dat,Protein,146
54,Protein,3.3899,Arg111Gly,run1,1,Arg111Gly_run1_complex_RMSF.dat,Protein,147
55,Protein,3.1802,Arg111Gly,run1,1,Arg111Gly_run1_complex_RMSF.dat,Protein,148
56,Protein,3.5502,Arg111Gly,run1,1,Arg111Gly_run1_complex_RMSF.dat,Protein,149
57,Protein,2.9116,Arg111Gly,run1,1,Arg111Gly_run1_complex_RMSF.dat,Protein,150
58,Protein,2.3861,Arg111Gly,run1,1,Arg111Gly_run1_complex_RMSF.dat,Protein,151
59,Protein,1.8942,Arg111Gly,run1,1,Arg111Gly_run1_complex_RMSF.dat,Protein,152
60,Protein,2.0683,Arg111Gly,run1,1,Arg111Gly_run1_complex_RMSF.dat,Protein,153
61,Protein,2.0175,Arg111Gly,run1,1,Arg111Gly_run1_complex_RMSF.dat,Protein,154
62,Protein,1.2863,Arg111Gly,run1,1,Arg111Gly_run1_complex_RMSF.dat,Protein,155
63,Protein,1.227,Arg111Gly,run1,1,Arg111Gly_run1_complex_RMSF.dat,Protein,156
64,Protein,0.9889,Arg111Gly,run1,1,Arg111Gly_run1_complex_RMSF.dat,Protein,157
65,Protein,1.1604,Arg111Gly,run1,1,Arg111Gly_run1_complex_RMSF.dat,Protein,158
66,Protein,1.3005,Arg111Gly,run1,1,Arg111Gly_run1_complex_RMSF.dat,Protein,159
67,Protein,1.7682,Arg111Gly,run1,1,Arg111Gly_run1_complex_RMSF.dat,Protein,160
68,Protein,2.8263,Arg111Gly,run1,1,Arg111Gly_run1_complex_RMSF.dat,Protein,161
69,Protein,2.2174,Arg111Gly,run1,1,Arg111Gly_run1_complex_RMSF.dat,Protein,162
70,DNA,4.507,Arg111Gly,run1,1,Arg111Gly_run1_complex_RMSF.dat,DNA,1
71,DNA,3.6618,Arg111Gly,run1,1,Arg111Gly_run1_complex_RMSF.dat,DNA,2
72,DNA,3.0228,Arg111Gly,run1,1,Arg111Gly_run1_complex_RMSF.dat,DNA,3
73,DNA,2.4515,Arg111Gly,run1,1,Arg111Gly_run1_complex_RMSF.dat,DNA,4
74,DNA,1.9579,Arg111Gly,run1,1,Arg111Gly_run1_complex_RMSF.dat,DNA,5
75,DNA,1.7234,Arg111Gly,run1,1,Arg111Gly_run1_complex_RMSF.dat,DNA,6
76,DNA,1.5964,Arg111Gly,run1,1,Arg111Gly_run1_complex_RMSF.dat,DNA,7
77,DNA,1.4575,Arg111Gly,run1,1,Arg111Gly_run1_complex_RMSF.dat,DNA,8
78,DNA,1.6464,Arg111Gly,run1,1,Arg111Gly_run1_complex_RMSF.dat,DNA,9
79,DNA,1.8321,Arg111Gly,run1,1,Arg111Gly_run1_complex_RMSF.dat,DNA,10
80,DNA,1.9278,Arg111Gly,run1,1,Arg111Gly_run1_complex_RMSF.dat,DNA,11
81,DNA,1.952,Arg111Gly,run1,1,Arg111Gly_run1_complex_RMSF.dat,DNA,12
82,DNA,1.9899,Arg111Gly,run1,1,Arg111Gly_run1_complex_RMSF.dat,DNA,13
83,DNA,1.9822,Arg111Gly,run1,1,Arg111Gly_run1_complex_RMSF.dat,DNA,14
84,DNA,1.9159,Arg111Gly,run1,1,Arg111Gly_run1_complex_RMSF.dat,DNA,15
85,DNA,1.8615,Arg111Gly,run1,1,Arg111Gly_run1_complex_RMSF.dat,DNA,16
86,DNA,1.8907,Arg111Gly,run1,1,Arg111Gly_run1_complex_RMSF.dat,DNA,17
87,DNA,2.2078,Arg111Gly,run1,1,Arg111Gly_run1_complex_RMSF.dat,DNA,18
88,DNA,2.8267,Arg111Gly,run1,1,Arg111Gly_run1_complex_RMSF.dat,DNA,19
89,DNA,3.9754,Arg111Gly,run1,1,Arg111Gly_run1_complex_RMSF.dat,DNA,20
90,DNA,5.7682,Arg111Gly,run1,1,Arg111Gly_run1_complex_RMSF.dat,DNA,21
91,DNA,4.3668,Arg111Gly,run1,1,Arg111Gly_run1_complex_RMSF.dat,DNA,22
92,DNA,3.5484,Arg111Gly,run1,1,Arg111Gly_run1_complex_RMSF.dat,DNA,23
93,DNA,2.9068,Arg111Gly,run1,1,Arg111Gly_run1_complex_RMSF.dat,DNA,24
94,DNA,2.5024,Arg111Gly,run1,1,Arg111Gly_run1_complex_RMSF.dat,DNA,25
95,DNA,2.1989,Arg111Gly,run1,1,Arg111Gly_run1_complex_RMSF.dat,DNA,26
96,DNA,2.0524,Arg111Gly,run1,1,Arg111Gly_run1_complex_RMSF.dat,DNA,27
97,DNA,1.9942,Arg111Gly,run1,1,Arg111Gly_run1_complex_RMSF.dat,DNA,28
98,DNA,1.933,Arg111Gly,run1,1,Arg111Gly_run1_complex_RMSF.dat,DNA,29
99,DNA,1.8514,Arg111Gly,run1,1,Arg111Gly_run1_complex_RMSF.dat,DNA,30
100,DNA,1.5872,Arg111Gly,run1,1,Arg111Gly_run1_complex_RMSF.dat,DNA,31
101,DNA,1.3837,Arg111Gly,run1,1,Arg111Gly_run1_complex_RMSF.dat,DNA,32
102,DNA,1.2425,Arg111Gly,run1,1,Arg111Gly_run1_complex_RMSF.dat,DNA,33
103,DNA,1.3063,Arg111Gly,run1,1,Arg111Gly_run1_complex_RMSF.dat,DNA,34
104,DNA,1.4817,Arg111Gly,run1,1,Arg111Gly_run1_complex_RMSF.dat,DNA,35
105,DNA,1.6274,Arg111Gly,run1,1,Arg111Gly_run1_complex_RMSF.dat,DNA,36
106,DNA,1.864,Arg111Gly,run1,1,Arg111Gly_run1_complex_RMSF.dat,DNA,37
107,DNA,2.1245,Arg111Gly,run1,1,Arg111Gly_run1_complex_RMSF.dat,DNA,38
108,DNA,2.4442,Arg111Gly,run1,1,Arg111Gly_run1_complex_RMSF.dat,DNA,39
109,DNA,3.0337,Arg111Gly,run1,1,Arg111Gly_run1_complex_RMSF.dat,DNA,40
1,Protein,2.1613,Arg111Gly,run2,2,Arg111Gly_run2_complex_RMSF.dat,Protein,94
2,Protein,2.0125,Arg111Gly,run2,2,Arg111Gly_run2_complex_RMSF.dat,Protein,95
3,Protein,2.0106,Arg111Gly,run2,2,Arg111Gly_run2_complex_RMSF.dat,Protein,96
4,Protein,1.9533,Arg111Gly,run2,2,Arg111Gly_run2_complex_RMSF.dat,Protein,97
5,Protein,2.2977,Arg111Gly,run2,2,Arg111Gly_run2_complex_RMSF.dat,Protein,98
6,Protein,2.147,Arg111Gly,run2,2,Arg111Gly_run2_complex_RMSF.dat,Protein,99
7,Protein,1.6679,Arg111Gly,run2,2,Arg111Gly_run2_complex_RMSF.dat,Protein,100
8,Protein,1.772,Arg111Gly,run2,2,Arg111Gly_run2_complex_RMSF.dat,Protein,101
9,Protein,1.9566,Arg111Gly,run2,2,Arg111Gly_run2_complex_RMSF.dat,Protein,102
10,Protein,1.8832,Arg111Gly,run2,2,Arg111Gly_run2_complex_RMSF.dat,Protein,103
11,Protein,1.4608,Arg111Gly,run2,2,Arg111Gly_run2_complex_RMSF.dat,Protein,104
12,Protein,1.4252,Arg111Gly,run2,2,Arg111Gly_run2_complex_RMSF.dat,Protein,105
13,Protein,1.2847,Arg111Gly,run2,2,Arg111Gly_run2_complex_RMSF.dat,Protein,106
14,Protein,1.2865,Arg111Gly,run2,2,Arg111Gly_run2_complex_RMSF.dat,Protein,107
15,Protein,1.341,Arg111Gly,run2,2,Arg111Gly_run2_complex_RMSF.dat,Protein,108
16,Protein,1.5265,Arg111Gly,run2,2,Arg111Gly_run2_complex_RMSF.dat,Protein,109
17,Protein,1.7862,Arg111Gly,run2,2,Arg111Gly_run2_complex_RMSF.dat,Protein,110
18,Protein,1.8657,Arg111Gly,run2,2,Arg111Gly_run2_complex_RMSF.dat,Protein,111
19,Protein,2.1051,Arg111Gly,run2,2,Arg111Gly_run2_complex_RMSF.dat,Protein,112
20,Protein,2.0838,Arg111Gly,run2,2,Arg111Gly_run2_complex_RMSF.dat,Protein,113
21,Protein,3.007,Arg111Gly,run2,2,Arg111Gly_run2_complex_RMSF.dat,Protein,114
22,Protein,2.8016,Arg111Gly,run2,2,Arg111Gly_run2_complex_RMSF.dat,Protein,115
23,Protein,2.4349,Arg111Gly,run2,2,Arg111Gly_run2_complex_RMSF.dat,Protein,116
24,Protein,2.7641,Arg111Gly,run2,2,Arg111Gly_run2_complex_RMSF.dat,Protein,117
25,Protein,2.7709,Arg111Gly,run2,2,Arg111Gly_run2_complex_RMSF.dat,Protein,118
26,Protein,2.1201,Arg111Gly,run2,2,Arg111Gly_run2_complex_RMSF.dat,Protein,119
27,Protein,1.7036,Arg111Gly,run2,2,Arg111Gly_run2_complex_RMSF.dat,Protein,120
28,Protein,1.4065,Arg111Gly,run2,2,Arg111Gly_run2_complex_RMSF.dat,Protein,121
29,Protein,1.2298,Arg111Gly,run2,2,Arg111Gly_run2_complex_RMSF.dat,Protein,122
30,Protein,0.9806,Arg111Gly,run2,2,Arg111Gly_run2_complex_RMSF.dat,Protein,123
31,Protein,1.0321,Arg111Gly,run2,2,Arg111Gly_run2_complex_RMSF.dat,Protein,124
32,Protein,1.2348,Arg111Gly,run2,2,Arg111Gly_run2_complex_RMSF.dat,Protein,125
33,Protein,1.4825,Arg111Gly,run2,2,Arg111Gly_run2_complex_RMSF.dat,Protein,126
34,Protein,1.8932,Arg111Gly,run2,2,Arg111Gly_run2_complex_RMSF.dat,Protein,127
35,Protein,2.1826,Arg111Gly,run2,2,Arg111Gly_run2_complex_RMSF.dat,Protein,128
36,Protein,1.9055,Arg111Gly,run2,2,Arg111Gly_run2_complex_RMSF.dat,Protein,129
37,Protein,1.6934,Arg111Gly,run2,2,Arg111Gly_run2_complex_RMSF.dat,Protein,130
38,Protein,1.297,Arg111Gly,run2,2,Arg111Gly_run2_complex_RMSF.dat,Protein,131
39,Protein,1.1367,Arg111Gly,run2,2,Arg111Gly_run2_complex_RMSF.dat,Protein,132
40,Protein,1.1852,Arg111Gly,run2,2,Arg111Gly_run2_complex_RMSF.dat,Protein,133
41,Protein,1.799,Arg111Gly,run2,2,Arg111Gly_run2_complex_RMSF.dat,Protein,134
42,Protein,1.9048,Arg111Gly,run2,2,Arg111Gly_run2_complex_RMSF.dat,Protein,135
43,Protein,2.2941,Arg111Gly,run2,2,Arg111Gly_run2_complex_RMSF.dat,Protein,136
44,Protein,2.0345,Arg111Gly,run2,2,Arg111Gly_run2_complex_RMSF.dat,Protein,137
45,Protein,1.6579,Arg111Gly,run2,2,Arg111Gly_run2_complex_RMSF.dat,Protein,138
46,Protein,2.2142,Arg111Gly,run2,2,Arg111Gly_run2_complex_RMSF.dat,Protein,139
47,Protein,2.5346,Arg111Gly,run2,2,Arg111Gly_run2_complex_RMSF.dat,Protein,140
48,Protein,2.1146,Arg111Gly,run2,2,Arg111Gly_run2_complex_RMSF.dat,Protein,141
49,Protein,2.1366,Arg111Gly,run2,2,Arg111Gly_run2_complex_RMSF.dat,Protein,142
50,Protein,2.7967,Arg111Gly,run2,2,Arg111Gly_run2_complex_RMSF.dat,Protein,143
51,Protein,3.0566,Arg111Gly,run2,2,Arg111Gly_run2_complex_RMSF.dat,Protein,144
52,Protein,2.7762,Arg111Gly,run2,2,Arg111Gly_run2_complex_RMSF.dat,Protein,145
53,Protein,3.861,Arg111Gly,run2,2,Arg111Gly_run2_complex_RMSF.dat,Protein,146
54,Protein,3.914,Arg111Gly,run2,2,Arg111Gly_run2_complex_RMSF.dat,Protein,147
55,Protein,3.4057,Arg111Gly,run2,2,Arg111Gly_run2_complex_RMSF.dat,Protein,148
56,Protein,3.8549,Arg111Gly,run2,2,Arg111Gly_run2_complex_RMSF.dat,Protein,149
57,Protein,2.7503,Arg111Gly,run2,2,Arg111Gly_run2_complex_RMSF.dat,Protein,150
58,Protein,2.5806,Arg111Gly,run2,2,Arg111Gly_run2_complex_RMSF.dat,Protein,151
59,Protein,2.4185,Arg111Gly,run2,2,Arg111Gly_run2_complex_RMSF.dat,Protein,152
60,Protein,2.8509,Arg111Gly,run2,2,Arg111Gly_run2_complex_RMSF.dat,Protein,153
61,Protein,2.4939,Arg111Gly,run2,2,Arg111Gly_run2_complex_RMSF.dat,Protein,154
62,Protein,1.6732,Arg111Gly,run2,2,Arg111Gly_run2_complex_RMSF.dat,Protein,155
63,Protein,1.7417,Arg111Gly,run2,2,Arg111Gly_run2_complex_RMSF.dat,Protein,156
64,Protein,1.456,Arg111Gly,run2,2,Arg111Gly_run2_complex_RMSF.dat,Protein,157
65,Protein,1.8413,Arg111Gly,run2,2,Arg111Gly_run2_complex_RMSF.dat,Protein,158
66,Protein,1.8617,Arg111Gly,run2,2,Arg111Gly_run2_complex_RMSF.dat,Protein,159
67,Protein,2.3934,Arg111Gly,run2,2,Arg111Gly_run2_complex_RMSF.dat,Protein,160
68,Protein,2.5204,Arg111Gly,run2,2,Arg111Gly_run2_complex_RMSF.dat,Protein,161
69,Protein,3.264,Arg111Gly,run2,2,Arg111Gly_run2_complex_RMSF.dat,Protein,162
70,DNA,4.6315,Arg111Gly,run2,2,Arg111Gly_run2_complex_RMSF.dat,DNA,1
71,DNA,3.9024,Arg111Gly,run2,2,Arg111Gly_run2_complex_RMSF.dat,DNA,2
72,DNA,3.406,Arg111Gly,run2,2,Arg111Gly_run2_complex_RMSF.dat,DNA,3
73,DNA,2.9343,Arg111Gly,run2,2,Arg111Gly_run2_complex_RMSF.dat,DNA,4
74,DNA,2.4372,Arg111Gly,run2,2,Arg111Gly_run2_complex_RMSF.dat,DNA,5
75,DNA,2.0774,Arg111Gly,run2,2,Arg111Gly_run2_complex_RMSF.dat,DNA,6
76,DNA,1.8459,Arg111Gly,run2,2,Arg111Gly_run2_complex_RMSF.dat,DNA,7
77,DNA,1.7092,Arg111Gly,run2,2,Arg111Gly_run2_complex_RMSF.dat,DNA,8
78,DNA,1.9784,Arg111Gly,run2,2,Arg111Gly_run2_complex_RMSF.dat,DNA,9
79,DNA,2.0219,Arg111Gly,run2,2,Arg111Gly_run2_complex_RMSF.dat,DNA,10
80,DNA,2.0828,Arg111Gly,run2,2,Arg111Gly_run2_complex_RMSF.dat,DNA,11
81,DNA,2.1186,Arg111Gly,run2,2,Arg111Gly_run2_complex_RMSF.dat,DNA,12
82,DNA,2.1218,Arg111Gly,run2,2,Arg111Gly_run2_complex_RMSF.dat,DNA,13
83,DNA,2.1814,Arg111Gly,run2,2,Arg111Gly_run2_complex_RMSF.dat,DNA,14
84,DNA,2.2602,Arg111Gly,run2,2,Arg111Gly_run2_complex_RMSF.dat,DNA,15
85,DNA,2.4179,Arg111Gly,run2,2,Arg111Gly_run2_complex_RMSF.dat,DNA,16
86,DNA,2.6596,Arg111Gly,run2,2,Arg111Gly_run2_complex_RMSF.dat,DNA,17
87,DNA,2.9397,Arg111Gly,run2,2,Arg111Gly_run2_complex_RMSF.dat,DNA,18
88,DNA,3.2624,Arg111Gly,run2,2,Arg111Gly_run2_complex_RMSF.dat,DNA,19
89,DNA,3.8803,Arg111Gly,run2,2,Arg111Gly_run2_complex_RMSF.dat,DNA,20
90,DNA,5.9446,Arg111Gly,run2,2,Arg111Gly_run2_complex_RMSF.dat,DNA,21
91,DNA,4.6426,Arg111Gly,run2,2,Arg111Gly_run2_complex_RMSF.dat,DNA,22
92,DNA,3.7367,Arg111Gly,run2,2,Arg111Gly_run2_complex_RMSF.dat,DNA,23
93,DNA,2.9701,Arg111Gly,run2,2,Arg111Gly_run2_complex_RMSF.dat,DNA,24
94,DNA,2.453,Arg111Gly,run2,2,Arg111Gly_run2_complex_RMSF.dat,DNA,25
95,DNA,2.2506,Arg111Gly,run2,2,Arg111Gly_run2_complex_RMSF.dat,DNA,26
96,DNA,2.2733,Arg111Gly,run2,2,Arg111Gly_run2_complex_RMSF.dat,DNA,27
97,DNA,2.3853,Arg111Gly,run2,2,Arg111Gly_run2_complex_RMSF.dat,DNA,28
98,DNA,2.3667,Arg111Gly,run2,2,Arg111Gly_run2_complex_RMSF.dat,DNA,29
99,DNA,2.2437,Arg111Gly,run2,2,Arg111Gly_run2_complex_RMSF.dat,DNA,30
100,DNA,2.1577,Arg111Gly,run2,2,Arg111Gly_run2_complex_RMSF.dat,DNA,31
101,DNA,1.9906,Arg111Gly,run2,2,Arg111Gly_run2_complex_RMSF.dat,DNA,32
102,DNA,1.8933,Arg111Gly,run2,2,Arg111Gly_run2_complex_RMSF.dat,DNA,33
103,DNA,1.8891,Arg111Gly,run2,2,Arg111Gly_run2_complex_RMSF.dat,DNA,34
104,DNA,1.9355,Arg111Gly,run2,2,Arg111Gly_run2_complex_RMSF.dat,DNA,35
105,DNA,1.8468,Arg111Gly,run2,2,Arg111Gly_run2_complex_RMSF.dat,DNA,36
106,DNA,1.9952,Arg111Gly,run2,2,Arg111Gly_run2_complex_RMSF.dat,DNA,37
107,DNA,2.3331,Arg111Gly,run2,2,Arg111Gly_run2_complex_RMSF.dat,DNA,38
108,DNA,2.6775,Arg111Gly,run2,2,Arg111Gly_run2_complex_RMSF.dat,DNA,39
109,DNA,3.3673,Arg111Gly,run2,2,Arg111Gly_run2_complex_RMSF.dat,DNA,40
1,Protein,2.8069,Arg111Gly,run3,3,Arg111Gly_run3_complex_RMSF.dat,Protein,94
2,Protein,1.7824,Arg111Gly,run3,3,Arg111Gly_run3_complex_RMSF.dat,Protein,95
3,Protein,1.7204,Arg111Gly,run3,3,Arg111Gly_run3_complex_RMSF.dat,Protein,96
4,Protein,1.7732,Arg111Gly,run3,3,Arg111Gly_run3_complex_RMSF.dat,Protein,97
5,Protein,2.1904,Arg111Gly,run3,3,Arg111Gly_run3_complex_RMSF.dat,Protein,98
6,Protein,2.279,Arg111Gly,run3,3,Arg111Gly_run3_complex_RMSF.dat,Protein,99
7,Protein,1.7412,Arg111Gly,run3,3,Arg111Gly_run3_complex_RMSF.dat,Protein,100
8,Protein,2.0021,Arg111Gly,run3,3,Arg111Gly_run3_complex_RMSF.dat,Protein,101
9,Protein,2.1065,Arg111Gly,run3,3,Arg111Gly_run3_complex_RMSF.dat,Protein,102
10,Protein,1.858,Arg111Gly,run3,3,Arg111Gly_run3_complex_RMSF.dat,Protein,103
11,Protein,1.35,Arg111Gly,run3,3,Arg111Gly_run3_complex_RMSF.dat,Protein,104
12,Protein,1.0888,Arg111Gly,run3,3,Arg111Gly_run3_complex_RMSF.dat,Protein,105
13,Protein,1.0442,Arg111Gly,run3,3,Arg111Gly_run3_complex_RMSF.dat,Protein,106
14,Protein,1.3778,Arg111Gly,run3,3,Arg111Gly_run3_complex_RMSF.dat,Protein,107
15,Protein,1.2864,Arg111Gly,run3,3,Arg111Gly_run3_complex_RMSF.dat,Protein,108
16,Protein,1.5137,Arg111Gly,run3,3,Arg111Gly_run3_complex_RMSF.dat,Protein,109
17,Protein,2.4207,Arg111Gly,run3,3,Arg111Gly_run3_complex_RMSF.dat,Protein,110
18,Protein,3.0142,Arg111Gly,run3,3,Arg111Gly_run3_complex_RMSF.dat,Protein,111
19,Protein,5.1533,Arg111Gly,run3,3,Arg111Gly_run3_complex_RMSF.dat,Protein,112
20,Protein,6.1671,Arg111Gly,run3,3,Arg111Gly_run3_complex_RMSF.dat,Protein,113
21,Protein,6.8273,Arg111Gly,run3,3,Arg111Gly_run3_complex_RMSF.dat,Protein,114
22,Protein,6.8453,Arg111Gly,run3,3,Arg111Gly_run3_complex_RMSF.dat,Protein,115
23,Protein,5.7901,Arg111Gly,run3,3,Arg111Gly_run3_complex_RMSF.dat,Protein,116
24,Protein,4.0435,Arg111Gly,run3,3,Arg111Gly_run3_complex_RMSF.dat,Protein,117
25,Protein,2.6759,Arg111Gly,run3,3,Arg111Gly_run3_complex_RMSF.dat,Protein,118
26,Protein,2.0778,Arg111Gly,run3,3,Arg111Gly_run3_complex_RMSF.dat,Protein,119
27,Protein,1.8282,Arg111Gly,run3,3,Arg111Gly_run3_complex_RMSF.dat,Protein,120
28,Protein,1.3434,Arg111Gly,run3,3,Arg111Gly_run3_complex_RMSF.dat,Protein,121
29,Protein,1.2584,Arg111Gly,run3,3,Arg111Gly_run3_complex_RMSF.dat,Protein,122
30,Protein,1.0542,Arg111Gly,run3,3,Arg111Gly_run3_complex_RMSF.dat,Protein,123
31,Protein,0.9083,Arg111Gly,run3,3,Arg111Gly_run3_complex_RMSF.dat,Protein,124
32,Protein,1.1609,Arg111Gly,run3,3,Arg111Gly_run3_complex_RMSF.dat,Protein,125
33,Protein,1.4565,Arg111Gly,run3,3,Arg111Gly_run3_complex_RMSF.dat,Protein,126
34,Protein,1.8842,Arg111Gly,run3,3,Arg111Gly_run3_complex_RMSF.dat,Protein,127
35,Protein,2.1245,Arg111Gly,run3,3,Arg111Gly_run3_complex_RMSF.dat,Protein,128
36,Protein,1.8488,Arg111Gly,run3,3,Arg111Gly_run3_complex_RMSF.dat,Protein,129
37,Protein,1.6486,Arg111Gly,run3,3,Arg111Gly_run3_complex_RMSF.dat,Protein,130
38,Protein,1.2744,Arg111Gly,run3,3,Arg111Gly_run3_complex_RMSF.dat,Protein,131
39,Protein,1.0288,Arg111Gly,run3,3,Arg111Gly_run3_complex_RMSF.dat,Protein,132
40,Protein,1.1003,Arg111Gly,run3,3,Arg111Gly_run3_complex_RMSF.dat,Protein,133
41,Protein,1.4335,Arg111Gly,run3,3,Arg111Gly_run3_complex_RMSF.dat,Protein,134
42,Protein,1.4473,Arg111Gly,run3,3,Arg111Gly_run3_complex_RMSF.dat,Protein,135
43,Protein,1.6564,Arg111Gly,run3,3,Arg111Gly_run3_complex_RMSF.dat,Protein,136
44,Protein,1.5435,Arg111Gly,run3,3,Arg111Gly_run3_complex_RMSF.dat,Protein,137
45,Protein,1.3913,Arg111Gly,run3,3,Arg111Gly_run3_complex_RMSF.dat,Protein,138
46,Protein,1.7656,Arg111Gly,run3,3,Arg111Gly_run3_complex_RMSF.dat,Protein,139
47,Protein,2.0119,Arg111Gly,run3,3,Arg111Gly_run3_complex_RMSF.dat,Protein,140
48,Protein,1.9037,Arg111Gly,run3,3,Arg111Gly_run3_complex_RMSF.dat,Protein,141
49,Protein,2.0343,Arg111Gly,run3,3,Arg111Gly_run3_complex_RMSF.dat,Protein,142
50,Protein,2.4865,Arg111Gly,run3,3,Arg111Gly_run3_complex_RMSF.dat,Protein,143
51,Protein,2.7683,Arg111Gly,run3,3,Arg111Gly_run3_complex_RMSF.dat,Protein,144
52,Protein,2.7917,Arg111Gly,run3,3,Arg111Gly_run3_complex_RMSF.dat,Protein,145
53,Protein,3.0241,Arg111Gly,run3,3,Arg111Gly_run3_complex_RMSF.dat,Protein,146
54,Protein,3.2542,Arg111Gly,run3,3,Arg111Gly_run3_complex_RMSF.dat,Protein,147
55,Protein,3.378,Arg111Gly,run3,3,Arg111Gly_run3_complex_RMSF.dat,Protein,148
56,Protein,2.9068,Arg111Gly,run3,3,Arg111Gly_run3_complex_RMSF.dat,Protein,149
57,Protein,2.2981,Arg111Gly,run3,3,Arg111Gly_run3_complex_RMSF.dat,Protein,150
58,Protein,2.136,Arg111Gly,run3,3,Arg111Gly_run3_complex_RMSF.dat,Protein,151
59,Protein,1.8449,Arg111Gly,run3,3,Arg111Gly_run3_complex_RMSF.dat,Protein,152
60,Protein,2.2387,Arg111Gly,run3,3,Arg111Gly_run3_complex_RMSF.dat,Protein,153
61,Protein,2.1068,Arg111Gly,run3,3,Arg111Gly_run3_complex_RMSF.dat,Protein,154
62,Protein,1.449,Arg111Gly,run3,3,Arg111Gly_run3_complex_RMSF.dat,Protein,155
63,Protein,1.4387,Arg111Gly,run3,3,Arg111Gly_run3_complex_RMSF.dat,Protein,156
64,Protein,1.2062,Arg111Gly,run3,3,Arg111Gly_run3_complex_RMSF.dat,Protein,157
65,Protein,1.4734,Arg111Gly,run3,3,Arg111Gly_run3_complex_RMSF.dat,Protein,158
66,Protein,2.6701,Arg111Gly,run3,3,Arg111Gly_run3_complex_RMSF.dat,Protein,159
67,Protein,2.6436,Arg111Gly,run3,3,Arg111Gly_run3_complex_RMSF.dat,Protein,160
68,Protein,2.2925,Arg111Gly,run3,3,Arg111Gly_run3_complex_RMSF.dat,Protein,161
69,Protein,2.3244,Arg111Gly,run3,3,Arg111Gly_run3_complex_RMSF.dat,Protein,162
70,DNA,6.4777,Arg111Gly,run3,3,Arg111Gly_run3_complex_RMSF.dat,DNA,1
71,DNA,4.6899,Arg111Gly,run3,3,Arg111Gly_run3_complex_RMSF.dat,DNA,2
72,DNA,3.6094,Arg111Gly,run3,3,Arg111Gly_run3_complex_RMSF.dat,DNA,3
73,DNA,2.9434,Arg111Gly,run3,3,Arg111Gly_run3_complex_RMSF.dat,DNA,4
74,DNA,2.4534,Arg111Gly,run3,3,Arg111Gly_run3_complex_RMSF.dat,DNA,5
75,DNA,2.0481,Arg111Gly,run3,3,Arg111Gly_run3_complex_RMSF.dat,DNA,6
76,DNA,1.8978,Arg111Gly,run3,3,Arg111Gly_run3_complex_RMSF.dat,DNA,7
77,DNA,1.9542,Arg111Gly,run3,3,Arg111Gly_run3_complex_RMSF.dat,DNA,8
78,DNA,2.1778,Arg111Gly,run3,3,Arg111Gly_run3_complex_RMSF.dat,DNA,9
79,DNA,2.2315,Arg111Gly,run3,3,Arg111Gly_run3_complex_RMSF.dat,DNA,10
80,DNA,2.1354,Arg111Gly,run3,3,Arg111Gly_run3_complex_RMSF.dat,DNA,11
81,DNA,2.1191,Arg111Gly,run3,3,Arg111Gly_run3_complex_RMSF.dat,DNA,12
82,DNA,2.0456,Arg111Gly,run3,3,Arg111Gly_run3_complex_RMSF.dat,DNA,13
83,DNA,1.9311,Arg111Gly,run3,3,Arg111Gly_run3_complex_RMSF.dat,DNA,14
84,DNA,1.7118,Arg111Gly,run3,3,Arg111Gly_run3_complex_RMSF.dat,DNA,15
85,DNA,1.7013,Arg111Gly,run3,3,Arg111Gly_run3_complex_RMSF.dat,DNA,16
86,DNA,1.8806,Arg111Gly,run3,3,Arg111Gly_run3_complex_RMSF.dat,DNA,17
87,DNA,2.2177,Arg111Gly,run3,3,Arg111Gly_run3_complex_RMSF.dat,DNA,18
88,DNA,2.7077,Arg111Gly,run3,3,Arg111Gly_run3_complex_RMSF.dat,DNA,19
89,DNA,3.3355,Arg111Gly,run3,3,Arg111Gly_run3_complex_RMSF.dat,DNA,20
90,DNA,6.6282,Arg111Gly,run3,3,Arg111Gly_run3_complex_RMSF.dat,DNA,21
91,DNA,4.802,Arg111Gly,run3,3,Arg111Gly_run3_complex_RMSF.dat,DNA,22
92,DNA,3.3083,Arg111Gly,run3,3,Arg111Gly_run3_complex_RMSF.dat,DNA,23
93,DNA,2.697,Arg111Gly,run3,3,Arg111Gly_run3_complex_RMSF.dat,DNA,24
94,DNA,2.2808,Arg111Gly,run3,3,Arg111Gly_run3_complex_RMSF.dat,DNA,25
95,DNA,2.0983,Arg111Gly,run3,3,Arg111Gly_run3_complex_RMSF.dat,DNA,26
96,DNA,1.946,Arg111Gly,run3,3,Arg111Gly_run3_complex_RMSF.dat,DNA,27
97,DNA,1.8244,Arg111Gly,run3,3,Arg111Gly_run3_complex_RMSF.dat,DNA,28
98,DNA,1.7868,Arg111Gly,run3,3,Arg111Gly_run3_complex_RMSF.dat,DNA,29
99,DNA,1.6464,Arg111Gly,run3,3,Arg111Gly_run3_complex_RMSF.dat,DNA,30
100,DNA,1.4732,Arg111Gly,run3,3,Arg111Gly_run3_complex_RMSF.dat,DNA,31
101,DNA,1.6093,Arg111Gly,run3,3,Arg111Gly_run3_complex_RMSF.dat,DNA,32
102,DNA,1.6256,Arg111Gly,run3,3,Arg111Gly_run3_complex_RMSF.dat,DNA,33
103,DNA,1.8523,Arg111Gly,run3,3,Arg111Gly_run3_complex_RMSF.dat,DNA,34
104,DNA,1.973,Arg111Gly,run3,3,Arg111Gly_run3_complex_RMSF.dat,DNA,35
105,DNA,2.0728,Arg111Gly,run3,3,Arg111Gly_run3_complex_RMSF.dat,DNA,36
106,DNA,2.2467,Arg111Gly,run3,3,Arg111Gly_run3_complex_RMSF.dat,DNA,37
107,DNA,2.4227,Arg111Gly,run3,3,Arg111Gly_run3_complex_RMSF.dat,DNA,38
108,DNA,2.797,Arg111Gly,run3,3,Arg111Gly_run3_complex_RMSF.dat,DNA,39
109,DNA,4.4828,Arg111Gly,run3,3,Arg111Gly_run3_complex_RMSF.dat,DNA,40
1,Protein,2.583,Arg133Cys,run1,1,Arg133Cys_run1_complex_RMSF.dat,Protein,94
2,Protein,2.4758,Arg133Cys,run1,1,Arg133Cys_run1_complex_RMSF.dat,Protein,95
3,Protein,2.7038,Arg133Cys,run1,1,Arg133Cys_run1_complex_RMSF.dat,Protein,96
4,Protein,2.4619,Arg133Cys,run1,1,Arg133Cys_run1_complex_RMSF.dat,Protein,97
5,Protein,3.2485,Arg133Cys,run1,1,Arg133Cys_run1_complex_RMSF.dat,Protein,98
6,Protein,2.7229,Arg133Cys,run1,1,Arg133Cys_run1_complex_RMSF.dat,Protein,99
7,Protein,1.8212,Arg133Cys,run1,1,Arg133Cys_run1_complex_RMSF.dat,Protein,100
8,Protein,1.7888,Arg133Cys,run1,1,Arg133Cys_run1_complex_RMSF.dat,Protein,101
9,Protein,1.9636,Arg133Cys,run1,1,Arg133Cys_run1_complex_RMSF.dat,Protein,102
10,Protein,1.8812,Arg133Cys,run1,1,Arg133Cys_run1_complex_RMSF.dat,Protein,103
11,Protein,1.3639,Arg133Cys,run1,1,Arg133Cys_run1_complex_RMSF.dat,Protein,104
12,Protein,1.4189,Arg133Cys,run1,1,Arg133Cys_run1_complex_RMSF.dat,Protein,105
13,Protein,1.287,Arg133Cys,run1,1,Arg133Cys_run1_complex_RMSF.dat,Protein,106
14,Protein,1.4521,Arg133Cys,run1,1,Arg133Cys_run1_complex_RMSF.dat,Protein,107
15,Protein,1.3833,Arg133Cys,run1,1,Arg133Cys_run1_complex_RMSF.dat,Protein,108
16,Protein,1.3916,Arg133Cys,run1,1,Arg133Cys_run1_complex_RMSF.dat,Protein,109
17,Protein,1.4227,Arg133Cys,run1,1,Arg133Cys_run1_complex_RMSF.dat,Protein,110
18,Protein,1.416,Arg133Cys,run1,1,Arg133Cys_run1_complex_RMSF.dat,Protein,111
19,Protein,1.7919,Arg133Cys,run1,1,Arg133Cys_run1_complex_RMSF.dat,Protein,112
20,Protein,1.731,Arg133Cys,run1,1,Arg133Cys_run1_complex_RMSF.dat,Protein,113
21,Protein,1.7272,Arg133Cys,run1,1,Arg133Cys_run1_complex_RMSF.dat,Protein,114
22,Protein,1.7538,Arg133Cys,run1,1,Arg133Cys_run1_complex_RMSF.dat,Protein,115
23,Protein,1.5106,Arg133Cys,run1,1,Arg133Cys_run1_complex_RMSF.dat,Protein,116
24,Protein,1.621,Arg133Cys,run1,1,Arg133Cys_run1_complex_RMSF.dat,Protein,117
25,Protein,1.7348,Arg133Cys,run1,1,Arg133Cys_run1_complex_RMSF.dat,Protein,118
26,Protein,1.4915,Arg133Cys,run1,1,Arg133Cys_run1_complex_RMSF.dat,Protein,119
27,Protein,1.3471,Arg133Cys,run1,1,Arg133Cys_run1_complex_RMSF.dat,Protein,120
28,Protein,1.1956,Arg133Cys,run1,1,Arg133Cys_run1_complex_RMSF.dat,Protein,121
29,Protein,1.2296,Arg133Cys,run1,1,Arg133Cys_run1_complex_RMSF.dat,Protein,122
30,Protein,1.2924,Arg133Cys,run1,1,Arg133Cys_run1_complex_RMSF.dat,Protein,123
31,Protein,1.0902,Arg133Cys,run1,1,Arg133Cys_run1_complex_RMSF.dat,Protein,124
32,Protein,1.3532,Arg133Cys,run1,1,Arg133Cys_run1_complex_RMSF.dat,Protein,125
33,Protein,1.5366,Arg133Cys,run1,1,Arg133Cys_run1_complex_RMSF.dat,Protein,126
34,Protein,2.0695,Arg133Cys,run1,1,Arg133Cys_run1_complex_RMSF.dat,Protein,127
35,Protein,2.8273,Arg133Cys,run1,1,Arg133Cys_run1_complex_RMSF.dat,Protein,128
36,Protein,3.5382,Arg133Cys,run1,1,Arg133Cys_run1_complex_RMSF.dat,Protein,129
37,Protein,2.1696,Arg133Cys,run1,1,Arg133Cys_run1_complex_RMSF.dat,Protein,130
38,Protein,1.5906,Arg133Cys,run1,1,Arg133Cys_run1_complex_RMSF.dat,Protein,131
39,Protein,1.3316,Arg133Cys,run1,1,Arg133Cys_run1_complex_RMSF.dat,Protein,132
40,Protein,1.5991,Arg133Cys,run1,1,Arg133Cys_run1_complex_RMSF.dat,Protein,133
41,Protein,1.7196,Arg133Cys,run1,1,Arg133Cys_run1_complex_RMSF.dat,Protein,134
42,Protein,1.6428,Arg133Cys,run1,1,Arg133Cys_run1_complex_RMSF.dat,Protein,135
43,Protein,2.0707,Arg133Cys,run1,1,Arg133Cys_run1_complex_RMSF.dat,Protein,136
44,Protein,1.9069,Arg133Cys,run1,1,Arg133Cys_run1_complex_RMSF.dat,Protein,137
45,Protein,1.4371,Arg133Cys,run1,1,Arg133Cys_run1_complex_RMSF.dat,Protein,138
46,Protein,1.8985,Arg133Cys,run1,1,Arg133Cys_run1_complex_RMSF.dat,Protein,139
47,Protein,2.3051,Arg133Cys,run1,1,Arg133Cys_run1_complex_RMSF.dat,Protein,140
48,Protein,2.0057,Arg133Cys,run1,1,Arg133Cys_run1_complex_RMSF.dat,Protein,141
49,Protein,2.0008,Arg133Cys,run1,1,Arg133Cys_run1_complex_RMSF.dat,Protein,142
50,Protein,2.6013,Arg133Cys,run1,1,Arg133Cys_run1_complex_RMSF.dat,Protein,143
51,Protein,2.8748,Arg133Cys,run1,1,Arg133Cys_run1_complex_RMSF.dat,Protein,144
52,Protein,2.8979,Arg133Cys,run1,1,Arg133Cys_run1_complex_RMSF.dat,Protein,145
53,Protein,3.9707,Arg133Cys,run1,1,Arg133Cys_run1_complex_RMSF.dat,Protein,146
54,Protein,3.76,Arg133Cys,run1,1,Arg133Cys_run1_complex_RMSF.dat,Protein,147
55,Protein,3.1663,Arg133Cys,run1,1,Arg133Cys_run1_complex_RMSF.dat,Protein,148
56,Protein,2.9824,Arg133Cys,run1,1,Arg133Cys_run1_complex_RMSF.dat,Protein,149
57,Protein,2.4823,Arg133Cys,run1,1,Arg133Cys_run1_complex_RMSF.dat,Protein,150
58,Protein,2.3553,Arg133Cys,run1,1,Arg133Cys_run1_complex_RMSF.dat,Protein,151
59,Protein,2.0535,Arg133Cys,run1,1,Arg133Cys_run1_complex_RMSF.dat,Protein,152
60,Protein,2.6229,Arg133Cys,run1,1,Arg133Cys_run1_complex_RMSF.dat,Protein,153
61,Protein,2.4132,Arg133Cys,run1,1,Arg133Cys_run1_complex_RMSF.dat,Protein,154
62,Protein,1.4957,Arg133Cys,run1,1,Arg133Cys_run1_complex_RMSF.dat,Protein,155
63,Protein,1.4179,Arg133Cys,run1,1,Arg133Cys_run1_complex_RMSF.dat,Protein,156
64,Protein,1.3249,Arg133Cys,run1,1,Arg133Cys_run1_complex_RMSF.dat,Protein,157
65,Protein,1.6508,Arg133Cys,run1,1,Arg133Cys_run1_complex_RMSF.dat,Protein,158
66,Protein,2.2188,Arg133Cys,run1,1,Arg133Cys_run1_complex_RMSF.dat,Protein,159
67,Protein,1.9599,Arg133Cys,run1,1,Arg133Cys_run1_complex_RMSF.dat,Protein,160
68,Protein,2.3826,Arg133Cys,run1,1,Arg133Cys_run1_complex_RMSF.dat,Protein,161
69,Protein,3.758,Arg133Cys,run1,1,Arg133Cys_run1_complex_RMSF.dat,Protein,162
70,DNA,4.8949,Arg133Cys,run1,1,Arg133Cys_run1_complex_RMSF.dat,DNA,1
71,DNA,4.0869,Arg133Cys,run1,1,Arg133Cys_run1_complex_RMSF.dat,DNA,2
72,DNA,3.4324,Arg133Cys,run1,1,Arg133Cys_run1_complex_RMSF.dat,DNA,3
73,DNA,3.0149,Arg133Cys,run1,1,Arg133Cys_run1_complex_RMSF.dat,DNA,4
74,DNA,2.574,Arg133Cys,run1,1,Arg133Cys_run1_complex_RMSF.dat,DNA,5
75,DNA,2.2587,Arg133Cys,run1,1,Arg133Cys_run1_complex_RMSF.dat,DNA,6
76,DNA,1.9932,Arg133Cys,run1,1,Arg133Cys_run1_complex_RMSF.dat,DNA,7
77,DNA,1.7764,Arg133Cys,run1,1,Arg133Cys_run1_complex_RMSF.dat,DNA,8
78,DNA,1.6281,Arg133Cys,run1,1,Arg133Cys_run1_complex_RMSF.dat,DNA,9
79,DNA,1.8541,Arg133Cys,run1,1,Arg133Cys_run1_complex_RMSF.dat,DNA,10
80,DNA,1.9748,Arg133Cys,run1,1,Arg133Cys_run1_complex_RMSF.dat,DNA,11
81,DNA,1.9804,Arg133Cys,run1,1,Arg133Cys_run1_complex_RMSF.dat,DNA,12
82,DNA,1.8689,Arg133Cys,run1,1,Arg133Cys_run1_complex_RMSF.dat,DNA,13
83,DNA,1.8028,Arg133Cys,run1,1,Arg133Cys_run1_complex_RMSF.dat,DNA,14
84,DNA,1.7393,Arg133Cys,run1,1,Arg133Cys_run1_complex_RMSF.dat,DNA,15
85,DNA,1.7481,Arg133Cys,run1,1,Arg133Cys_run1_complex_RMSF.dat,DNA,16
86,DNA,1.9019,Arg133Cys,run1,1,Arg133Cys_run1_complex_RMSF.dat,DNA,17
87,DNA,2.1714,Arg133Cys,run1,1,Arg133Cys_run1_complex_RMSF.dat,DNA,18
88,DNA,2.584,Arg133Cys,run1,1,Arg133Cys_run1_complex_RMSF.dat,DNA,19
89,DNA,3.2118,Arg133Cys,run1,1,Arg133Cys_run1_complex_RMSF.dat,DNA,20
90,DNA,4.9601,Arg133Cys,run1,1,Arg133Cys_run1_complex_RMSF.dat,DNA,21
91,DNA,3.8059,Arg133Cys,run1,1,Arg133Cys_run1_complex_RMSF.dat,DNA,22
92,DNA,3.1004,Arg133Cys,run1,1,Arg133Cys_run1_complex_RMSF.dat,DNA,23
93,DNA,2.6277,Arg133Cys,run1,1,Arg133Cys_run1_complex_RMSF.dat,DNA,24
94,DNA,2.334,Arg133Cys,run1,1,Arg133Cys_run1_complex_RMSF.dat,DNA,25
95,DNA,2.2034,Arg133Cys,run1,1,Arg133Cys_run1_complex_RMSF.dat,DNA,26
96,DNA,2.093,Arg133Cys,run1,1,Arg133Cys_run1_complex_RMSF.dat,DNA,27
97,DNA,1.9874,Arg133Cys,run1,1,Arg133Cys_run1_complex_RMSF.dat,DNA,28
98,DNA,1.8499,Arg133Cys,run1,1,Arg133Cys_run1_complex_RMSF.dat,DNA,29
99,DNA,1.696,Arg133Cys,run1,1,Arg133Cys_run1_complex_RMSF.dat,DNA,30
100,DNA,1.7321,Arg133Cys,run1,1,Arg133Cys_run1_complex_RMSF.dat,DNA,31
101,DNA,1.7279,Arg133Cys,run1,1,Arg133Cys_run1_complex_RMSF.dat,DNA,32
102,DNA,1.8833,Arg133Cys,run1,1,Arg133Cys_run1_complex_RMSF.dat,DNA,33
103,DNA,1.8574,Arg133Cys,run1,1,Arg133Cys_run1_complex_RMSF.dat,DNA,34
104,DNA,1.8588,Arg133Cys,run1,1,Arg133Cys_run1_complex_RMSF.dat,DNA,35
105,DNA,1.8448,Arg133Cys,run1,1,Arg133Cys_run1_complex_RMSF.dat,DNA,36
106,DNA,1.9416,Arg133Cys,run1,1,Arg133Cys_run1_complex_RMSF.dat,DNA,37
107,DNA,2.1328,Arg133Cys,run1,1,Arg133Cys_run1_complex_RMSF.dat,DNA,38
108,DNA,2.4604,Arg133Cys,run1,1,Arg133Cys_run1_complex_RMSF.dat,DNA,39
109,DNA,3.0709,Arg133Cys,run1,1,Arg133Cys_run1_complex_RMSF.dat,DNA,40
1,Protein,2.0927,Arg133Cys,run2,2,Arg133Cys_run2_complex_RMSF.dat,Protein,94
2,Protein,2.1168,Arg133Cys,run2,2,Arg133Cys_run2_complex_RMSF.dat,Protein,95
3,Protein,2.1897,Arg133Cys,run2,2,Arg133Cys_run2_complex_RMSF.dat,Protein,96
4,Protein,2.0752,Arg133Cys,run2,2,Arg133Cys_run2_complex_RMSF.dat,Protein,97
5,Protein,2.5374,Arg133Cys,run2,2,Arg133Cys_run2_complex_RMSF.dat,Protein,98
6,Protein,2.2893,Arg133Cys,run2,2,Arg133Cys_run2_complex_RMSF.dat,Protein,99
7,Protein,1.9304,Arg133Cys,run2,2,Arg133Cys_run2_complex_RMSF.dat,Protein,100
8,Protein,2.1982,Arg133Cys,run2,2,Arg133Cys_run2_complex_RMSF.dat,Protein,101
9,Protein,2.5912,Arg133Cys,run2,2,Arg133Cys_run2_complex_RMSF.dat,Protein,102
10,Protein,2.6062,Arg133Cys,run2,2,Arg133Cys_run2_complex_RMSF.dat,Protein,103
11,Protein,2.0231,Arg133Cys,run2,2,Arg133Cys_run2_complex_RMSF.dat,Protein,104
12,Protein,1.8649,Arg133Cys,run2,2,Arg133Cys_run2_complex_RMSF.dat,Protein,105
13,Protein,1.5499,Arg133Cys,run2,2,Arg133Cys_run2_complex_RMSF.dat,Protein,106
14,Protein,1.6169,Arg133Cys,run2,2,Arg133Cys_run2_complex_RMSF.dat,Protein,107
15,Protein,1.4277,Arg133Cys,run2,2,Arg133Cys_run2_complex_RMSF.dat,Protein,108
16,Protein,1.5063,Arg133Cys,run2,2,Arg133Cys_run2_complex_RMSF.dat,Protein,109
17,Protein,1.6051,Arg133Cys,run2,2,Arg133Cys_run2_complex_RMSF.dat,Protein,110
18,Protein,1.611,Arg133Cys,run2,2,Arg133Cys_run2_complex_RMSF.dat,Protein,111
19,Protein,2.0447,Arg133Cys,run2,2,Arg133Cys_run2_complex_RMSF.dat,Protein,112
20,Protein,2.0648,Arg133Cys,run2,2,Arg133Cys_run2_complex_RMSF.dat,Protein,113
21,Protein,1.7878,Arg133Cys,run2,2,Arg133Cys_run2_complex_RMSF.dat,Protein,114
22,Protein,1.8274,Arg133Cys,run2,2,Arg133Cys_run2_complex_RMSF.dat,Protein,115
23,Protein,1.695,Arg133Cys,run2,2,Arg133Cys_run2_complex_RMSF.dat,Protein,116
24,Protein,2.0542,Arg133Cys,run2,2,Arg133Cys_run2_complex_RMSF.dat,Protein,117
25,Protein,2.0224,Arg133Cys,run2,2,Arg133Cys_run2_complex_RMSF.dat,Protein,118
26,Protein,1.6608,Arg133Cys,run2,2,Arg133Cys_run2_complex_RMSF.dat,Protein,119
27,Protein,1.5002,Arg133Cys,run2,2,Arg133Cys_run2_complex_RMSF.dat,Protein,120
28,Protein,1.3279,Arg133Cys,run2,2,Arg133Cys_run2_complex_RMSF.dat,Protein,121
29,Protein,1.2525,Arg133Cys,run2,2,Arg133Cys_run2_complex_RMSF.dat,Protein,122
30,Protein,1.2886,Arg133Cys,run2,2,Arg133Cys_run2_complex_RMSF.dat,Protein,123
31,Protein,1.4307,Arg133Cys,run2,2,Arg133Cys_run2_complex_RMSF.dat,Protein,124
32,Protein,1.9041,Arg133Cys,run2,2,Arg133Cys_run2_complex_RMSF.dat,Protein,125
33,Protein,2.2394,Arg133Cys,run2,2,Arg133Cys_run2_complex_RMSF.dat,Protein,126
34,Protein,2.7292,Arg133Cys,run2,2,Arg133Cys_run2_complex_RMSF.dat,Protein,127
35,Protein,3.134,Arg133Cys,run2,2,Arg133Cys_run2_complex_RMSF.dat,Protein,128
36,Protein,3.2081,Arg133Cys,run2,2,Arg133Cys_run2_complex_RMSF.dat,Protein,129
37,Protein,2.6842,Arg133Cys,run2,2,Arg133Cys_run2_complex_RMSF.dat,Protein,130
38,Protein,2.0895,Arg133Cys,run2,2,Arg133Cys_run2_complex_RMSF.dat,Protein,131
39,Protein,1.8012,Arg133Cys,run2,2,Arg133Cys_run2_complex_RMSF.dat,Protein,132
40,Protein,1.8008,Arg133Cys,run2,2,Arg133Cys_run2_complex_RMSF.dat,Protein,133
41,Protein,2.0138,Arg133Cys,run2,2,Arg133Cys_run2_complex_RMSF.dat,Protein,134
42,Protein,2.0441,Arg133Cys,run2,2,Arg133Cys_run2_complex_RMSF.dat,Protein,135
43,Protein,2.4779,Arg133Cys,run2,2,Arg133Cys_run2_complex_RMSF.dat,Protein,136
44,Protein,2.4216,Arg133Cys,run2,2,Arg133Cys_run2_complex_RMSF.dat,Protein,137
45,Protein,2.0714,Arg133Cys,run2,2,Arg133Cys_run2_complex_RMSF.dat,Protein,138
46,Protein,2.4143,Arg133Cys,run2,2,Arg133Cys_run2_complex_RMSF.dat,Protein,139
47,Protein,2.8578,Arg133Cys,run2,2,Arg133Cys_run2_complex_RMSF.dat,Protein,140
48,Protein,2.658,Arg133Cys,run2,2,Arg133Cys_run2_complex_RMSF.dat,Protein,141
49,Protein,2.608,Arg133Cys,run2,2,Arg133Cys_run2_complex_RMSF.dat,Protein,142
50,Protein,3.16,Arg133Cys,run2,2,Arg133Cys_run2_complex_RMSF.dat,Protein,143
51,Protein,3.4965,Arg133Cys,run2,2,Arg133Cys_run2_complex_RMSF.dat,Protein,144
52,Protein,3.395,Arg133Cys,run2,2,Arg133Cys_run2_complex_RMSF.dat,Protein,145
53,Protein,3.7516,Arg133Cys,run2,2,Arg133Cys_run2_complex_RMSF.dat,Protein,146
54,Protein,3.6169,Arg133Cys,run2,2,Arg133Cys_run2_complex_RMSF.dat,Protein,147
55,Protein,4.0726,Arg133Cys,run2,2,Arg133Cys_run2_complex_RMSF.dat,Protein,148
56,Protein,3.3769,Arg133Cys,run2,2,Arg133Cys_run2_complex_RMSF.dat,Protein,149
57,Protein,2.5567,Arg133Cys,run2,2,Arg133Cys_run2_complex_RMSF.dat,Protein,150
58,Protein,2.538,Arg133Cys,run2,2,Arg133Cys_run2_complex_RMSF.dat,Protein,151
59,Protein,2.4754,Arg133Cys,run2,2,Arg133Cys_run2_complex_RMSF.dat,Protein,152
60,Protein,2.8611,Arg133Cys,run2,2,Arg133Cys_run2_complex_RMSF.dat,Protein,153
61,Protein,2.2902,Arg133Cys,run2,2,Arg133Cys_run2_complex_RMSF.dat,Protein,154
62,Protein,1.6045,Arg133Cys,run2,2,Arg133Cys_run2_complex_RMSF.dat,Protein,155
63,Protein,1.518,Arg133Cys,run2,2,Arg133Cys_run2_complex_RMSF.dat,Protein,156
64,Protein,1.3381,Arg133Cys,run2,2,Arg133Cys_run2_complex_RMSF.dat,Protein,157
65,Protein,1.5804,Arg133Cys,run2,2,Arg133Cys_run2_complex_RMSF.dat,Protein,158
66,Protein,1.6817,Arg133Cys,run2,2,Arg133Cys_run2_complex_RMSF.dat,Protein,159
67,Protein,2.1463,Arg133Cys,run2,2,Arg133Cys_run2_complex_RMSF.dat,Protein,160
68,Protein,2.739,Arg133Cys,run2,2,Arg133Cys_run2_complex_RMSF.dat,Protein,161
69,Protein,3.3652,Arg133Cys,run2,2,Arg133Cys_run2_complex_RMSF.dat,Protein,162
70,DNA,4.9171,Arg133Cys,run2,2,Arg133Cys_run2_complex_RMSF.dat,DNA,1
71,DNA,4.1211,Arg133Cys,run2,2,Arg133Cys_run2_complex_RMSF.dat,DNA,2
72,DNA,3.7209,Arg133Cys,run2,2,Arg133Cys_run2_complex_RMSF.dat,DNA,3
73,DNA,3.3894,Arg133Cys,run2,2,Arg133Cys_run2_complex_RMSF.dat,DNA,4
74,DNA,2.9968,Arg133Cys,run2,2,Arg133Cys_run2_complex_RMSF.dat,DNA,5
75,DNA,2.6216,Arg133Cys,run2,2,Arg133Cys_run2_complex_RMSF.dat,DNA,6
76,DNA,2.176,Arg133Cys,run2,2,Arg133Cys_run2_complex_RMSF.dat,DNA,7
77,DNA,1.7696,Arg133Cys,run2,2,Arg133Cys_run2_complex_RMSF.dat,DNA,8
78,DNA,1.6171,Arg133Cys,run2,2,Arg133Cys_run2_complex_RMSF.dat,DNA,9
79,DNA,2.0066,Arg133Cys,run2,2,Arg133Cys_run2_complex_RMSF.dat,DNA,10
80,DNA,2.313,Arg133Cys,run2,2,Arg133Cys_run2_complex_RMSF.dat,DNA,11
81,DNA,2.5318,Arg133Cys,run2,2,Arg133Cys_run2_complex_RMSF.dat,DNA,12
82,DNA,2.5131,Arg133Cys,run2,2,Arg133Cys_run2_complex_RMSF.dat,DNA,13
83,DNA,2.5455,Arg133Cys,run2,2,Arg133Cys_run2_complex_RMSF.dat,DNA,14
84,DNA,2.7067,Arg133Cys,run2,2,Arg133Cys_run2_complex_RMSF.dat,DNA,15
85,DNA,2.9164,Arg133Cys,run2,2,Arg133Cys_run2_complex_RMSF.dat,DNA,16
86,DNA,3.131,Arg133Cys,run2,2,Arg133Cys_run2_complex_RMSF.dat,DNA,17
87,DNA,3.4173,Arg133Cys,run2,2,Arg133Cys_run2_complex_RMSF.dat,DNA,18
88,DNA,3.7399,Arg133Cys,run2,2,Arg133Cys_run2_complex_RMSF.dat,DNA,19
89,DNA,4.265,Arg133Cys,run2,2,Arg133Cys_run2_complex_RMSF.dat,DNA,20
90,DNA,5.2652,Arg133Cys,run2,2,Arg133Cys_run2_complex_RMSF.dat,DNA,21
91,DNA,3.9939,Arg133Cys,run2,2,Arg133Cys_run2_complex_RMSF.dat,DNA,22
92,DNA,3.2314,Arg133Cys,run2,2,Arg133Cys_run2_complex_RMSF.dat,DNA,23
93,DNA,2.827,Arg133Cys,run2,2,Arg133Cys_run2_complex_RMSF.dat,DNA,24
94,DNA,2.6601,Arg133Cys,run2,2,Arg133Cys_run2_complex_RMSF.dat,DNA,25
95,DNA,2.6066,Arg133Cys,run2,2,Arg133Cys_run2_complex_RMSF.dat,DNA,26
96,DNA,2.6005,Arg133Cys,run2,2,Arg133Cys_run2_complex_RMSF.dat,DNA,27
97,DNA,2.776,Arg133Cys,run2,2,Arg133Cys_run2_complex_RMSF.dat,DNA,28
98,DNA,2.945,Arg133Cys,run2,2,Arg133Cys_run2_complex_RMSF.dat,DNA,29
99,DNA,3.0596,Arg133Cys,run2,2,Arg133Cys_run2_complex_RMSF.dat,DNA,30
100,DNA,3.1473,Arg133Cys,run2,2,Arg133Cys_run2_complex_RMSF.dat,DNA,31
101,DNA,3.3026,Arg133Cys,run2,2,Arg133Cys_run2_complex_RMSF.dat,DNA,32
102,DNA,3.2909,Arg133Cys,run2,2,Arg133Cys_run2_complex_RMSF.dat,DNA,33
103,DNA,3.0544,Arg133Cys,run2,2,Arg133Cys_run2_complex_RMSF.dat,DNA,34
104,DNA,2.5993,Arg133Cys,run2,2,Arg133Cys_run2_complex_RMSF.dat,DNA,35
105,DNA,2.1507,Arg133Cys,run2,2,Arg133Cys_run2_complex_RMSF.dat,DNA,36
106,DNA,1.997,Arg133Cys,run2,2,Arg133Cys_run2_complex_RMSF.dat,DNA,37
107,DNA,2.21,Arg133Cys,run2,2,Arg133Cys_run2_complex_RMSF.dat,DNA,38
108,DNA,2.6619,Arg133Cys,run2,2,Arg133Cys_run2_complex_RMSF.dat,DNA,39
109,DNA,3.3919,Arg133Cys,run2,2,Arg133Cys_run2_complex_RMSF.dat,DNA,40
1,Protein,1.9664,Arg133Cys,run3,3,Arg133Cys_run3_complex_RMSF.dat,Protein,94
2,Protein,1.8871,Arg133Cys,run3,3,Arg133Cys_run3_complex_RMSF.dat,Protein,95
3,Protein,1.9186,Arg133Cys,run3,3,Arg133Cys_run3_complex_RMSF.dat,Protein,96
4,Protein,1.8392,Arg133Cys,run3,3,Arg133Cys_run3_complex_RMSF.dat,Protein,97
5,Protein,2.2661,Arg133Cys,run3,3,Arg133Cys_run3_complex_RMSF.dat,Protein,98
6,Protein,2.0297,Arg133Cys,run3,3,Arg133Cys_run3_complex_RMSF.dat,Protein,99
7,Protein,1.7093,Arg133Cys,run3,3,Arg133Cys_run3_complex_RMSF.dat,Protein,100
8,Protein,1.8941,Arg133Cys,run3,3,Arg133Cys_run3_complex_RMSF.dat,Protein,101
9,Protein,2.1895,Arg133Cys,run3,3,Arg133Cys_run3_complex_RMSF.dat,Protein,102
10,Protein,2.2019,Arg133Cys,run3,3,Arg133Cys_run3_complex_RMSF.dat,Protein,103
11,Protein,1.6942,Arg133Cys,run3,3,Arg133Cys_run3_complex_RMSF.dat,Protein,104
12,Protein,1.5813,Arg133Cys,run3,3,Arg133Cys_run3_complex_RMSF.dat,Protein,105
13,Protein,1.3092,Arg133Cys,run3,3,Arg133Cys_run3_complex_RMSF.dat,Protein,106
14,Protein,1.4011,Arg133Cys,run3,3,Arg133Cys_run3_complex_RMSF.dat,Protein,107
15,Protein,1.2539,Arg133Cys,run3,3,Arg133Cys_run3_complex_RMSF.dat,Protein,108
16,Protein,1.3534,Arg133Cys,run3,3,Arg133Cys_run3_complex_RMSF.dat,Protein,109
17,Protein,1.4714,Arg133Cys,run3,3,Arg133Cys_run3_complex_RMSF.dat,Protein,110
18,Protein,1.4819,Arg133Cys,run3,3,Arg133Cys_run3_complex_RMSF.dat,Protein,111
19,Protein,1.9719,Arg133Cys,run3,3,Arg133Cys_run3_complex_RMSF.dat,Protein,112
20,Protein,1.8699,Arg133Cys,run3,3,Arg133Cys_run3_complex_RMSF.dat,Protein,113
21,Protein,1.8656,Arg133Cys,run3,3,Arg133Cys_run3_complex_RMSF.dat,Protein,114
22,Protein,2.0066,Arg133Cys,run3,3,Arg133Cys_run3_complex_RMSF.dat,Protein,115
23,Protein,1.6927,Arg133Cys,run3,3,Arg133Cys_run3_complex_RMSF.dat,Protein,116
24,Protein,1.7688,Arg133Cys,run3,3,Arg133Cys_run3_complex_RMSF.dat,Protein,117
25,Protein,1.9238,Arg133Cys,run3,3,Arg133Cys_run3_complex_RMSF.dat,Protein,118
26,Protein,1.5879,Arg133Cys,run3,3,Arg133Cys_run3_complex_RMSF.dat,Protein,119
27,Protein,1.3125,Arg133Cys,run3,3,Arg133Cys_run3_complex_RMSF.dat,Protein,120
28,Protein,1.1013,Arg133Cys,run3,3,Arg133Cys_run3_complex_RMSF.dat,Protein,121
29,Protein,1.0551,Arg133Cys,run3,3,Arg133Cys_run3_complex_RMSF.dat,Protein,122
30,Protein,1.0681,Arg133Cys,run3,3,Arg133Cys_run3_complex_RMSF.dat,Protein,123
31,Protein,1.1333,Arg133Cys,run3,3,Arg133Cys_run3_complex_RMSF.dat,Protein,124
32,Protein,1.5194,Arg133Cys,run3,3,Arg133Cys_run3_complex_RMSF.dat,Protein,125
33,Protein,1.8061,Arg133Cys,run3,3,Arg133Cys_run3_complex_RMSF.dat,Protein,126
34,Protein,2.273,Arg133Cys,run3,3,Arg133Cys_run3_complex_RMSF.dat,Protein,127
35,Protein,2.6196,Arg133Cys,run3,3,Arg133Cys_run3_complex_RMSF.dat,Protein,128
36,Protein,2.372,Arg133Cys,run3,3,Arg133Cys_run3_complex_RMSF.dat,Protein,129
37,Protein,2.1684,Arg133Cys,run3,3,Arg133Cys_run3_complex_RMSF.dat,Protein,130
38,Protein,1.7265,Arg133Cys,run3,3,Arg133Cys_run3_complex_RMSF.dat,Protein,131
39,Protein,1.4418,Arg133Cys,run3,3,Arg133Cys_run3_complex_RMSF.dat,Protein,132
40,Protein,1.5492,Arg133Cys,run3,3,Arg133Cys_run3_complex_RMSF.dat,Protein,133
41,Protein,1.7767,Arg133Cys,run3,3,Arg133Cys_run3_complex_RMSF.dat,Protein,134
42,Protein,1.8265,Arg133Cys,run3,3,Arg133Cys_run3_complex_RMSF.dat,Protein,135
43,Protein,2.2814,Arg133Cys,run3,3,Arg133Cys_run3_complex_RMSF.dat,Protein,136
44,Protein,2.1518,Arg133Cys,run3,3,Arg133Cys_run3_complex_RMSF.dat,Protein,137
45,Protein,1.7469,Arg133Cys,run3,3,Arg133Cys_run3_complex_RMSF.dat,Protein,138
46,Protein,2.1991,Arg133Cys,run3,3,Arg133Cys_run3_complex_RMSF.dat,Protein,139
47,Protein,2.6069,Arg133Cys,run3,3,Arg133Cys_run3_complex_RMSF.dat,Protein,140
48,Protein,2.3143,Arg133Cys,run3,3,Arg133Cys_run3_complex_RMSF.dat,Protein,141
49,Protein,2.3037,Arg133Cys,run3,3,Arg133Cys_run3_complex_RMSF.dat,Protein,142
50,Protein,2.9087,Arg133Cys,run3,3,Arg133Cys_run3_complex_RMSF.dat,Protein,143
51,Protein,3.2172,Arg133Cys,run3,3,Arg133Cys_run3_complex_RMSF.dat,Protein,144
52,Protein,2.8979,Arg133Cys,run3,3,Arg133Cys_run3_complex_RMSF.dat,Protein,145
53,Protein,2.4467,Arg133Cys,run3,3,Arg133Cys_run3_complex_RMSF.dat,Protein,146
54,Protein,2.5707,Arg133Cys,run3,3,Arg133Cys_run3_complex_RMSF.dat,Protein,147
55,Protein,2.748,Arg133Cys,run3,3,Arg133Cys_run3_complex_RMSF.dat,Protein,148
56,Protein,2.5919,Arg133Cys,run3,3,Arg133Cys_run3_complex_RMSF.dat,Protein,149
57,Protein,2.1473,Arg133Cys,run3,3,Arg133Cys_run3_complex_RMSF.dat,Protein,150
58,Protein,2.3233,Arg133Cys,run3,3,Arg133Cys_run3_complex_RMSF.dat,Protein,151
59,Protein,2.0894,Arg133Cys,run3,3,Arg133Cys_run3_complex_RMSF.dat,Protein,152
60,Protein,2.481,Arg133Cys,run3,3,Arg133Cys_run3_complex_RMSF.dat,Protein,153
61,Protein,2.2363,Arg133Cys,run3,3,Arg133Cys_run3_complex_RMSF.dat,Protein,154
62,Protein,1.4914,Arg133Cys,run3,3,Arg133Cys_run3_complex_RMSF.dat,Protein,155
63,Protein,1.4723,Arg133Cys,run3,3,Arg133Cys_run3_complex_RMSF.dat,Protein,156
64,Protein,1.3078,Arg133Cys,run3,3,Arg133Cys_run3_complex_RMSF.dat,Protein,157
65,Protein,1.6034,Arg133Cys,run3,3,Arg133Cys_run3_complex_RMSF.dat,Protein,158
66,Protein,1.6398,Arg133Cys,run3,3,Arg133Cys_run3_complex_RMSF.dat,Protein,159
67,Protein,2.2981,Arg133Cys,run3,3,Arg133Cys_run3_complex_RMSF.dat,Protein,160
68,Protein,2.1611,Arg133Cys,run3,3,Arg133Cys_run3_complex_RMSF.dat,Protein,161
69,Protein,2.4306,Arg133Cys,run3,3,Arg133Cys_run3_complex_RMSF.dat,Protein,162
70,DNA,5.1057,Arg133Cys,run3,3,Arg133Cys_run3_complex_RMSF.dat,DNA,1
71,DNA,4.5128,Arg133Cys,run3,3,Arg133Cys_run3_complex_RMSF.dat,DNA,2
72,DNA,4.1276,Arg133Cys,run3,3,Arg133Cys_run3_complex_RMSF.dat,DNA,3
73,DNA,3.6904,Arg133Cys,run3,3,Arg133Cys_run3_complex_RMSF.dat,DNA,4
74,DNA,3.131,Arg133Cys,run3,3,Arg133Cys_run3_complex_RMSF.dat,DNA,5
75,DNA,2.6287,Arg133Cys,run3,3,Arg133Cys_run3_complex_RMSF.dat,DNA,6
76,DNA,2.114,Arg133Cys,run3,3,Arg133Cys_run3_complex_RMSF.dat,DNA,7
77,DNA,1.8428,Arg133Cys,run3,3,Arg133Cys_run3_complex_RMSF.dat,DNA,8
78,DNA,1.6943,Arg133Cys,run3,3,Arg133Cys_run3_complex_RMSF.dat,DNA,9
79,DNA,1.8495,Arg133Cys,run3,3,Arg133Cys_run3_complex_RMSF.dat,DNA,10
80,DNA,1.95,Arg133Cys,run3,3,Arg133Cys_run3_complex_RMSF.dat,DNA,11
81,DNA,2.1102,Arg133Cys,run3,3,Arg133Cys_run3_complex_RMSF.dat,DNA,12
82,DNA,2.1036,Arg133Cys,run3,3,Arg133Cys_run3_complex_RMSF.dat,DNA,13
83,DNA,2.1599,Arg133Cys,run3,3,Arg133Cys_run3_complex_RMSF.dat,DNA,14
84,DNA,2.2609,Arg133Cys,run3,3,Arg133Cys_run3_complex_RMSF.dat,DNA,15
85,DNA,2.3647,Arg133Cys,run3,3,Arg133Cys_run3_complex_RMSF.dat,DNA,16
86,DNA,2.5094,Arg133Cys,run3,3,Arg133Cys_run3_complex_RMSF.dat,DNA,17
87,DNA,2.7371,Arg133Cys,run3,3,Arg133Cys_run3_complex_RMSF.dat,DNA,18
88,DNA,3.0497,Arg133Cys,run3,3,Arg133Cys_run3_complex_RMSF.dat,DNA,19
89,DNA,3.6621,Arg133Cys,run3,3,Arg133Cys_run3_complex_RMSF.dat,DNA,20
90,DNA,5.1439,Arg133Cys,run3,3,Arg133Cys_run3_complex_RMSF.dat,DNA,21
91,DNA,4.0896,Arg133Cys,run3,3,Arg133Cys_run3_complex_RMSF.dat,DNA,22
92,DNA,3.3798,Arg133Cys,run3,3,Arg133Cys_run3_complex_RMSF.dat,DNA,23
93,DNA,2.7898,Arg133Cys,run3,3,Arg133Cys_run3_complex_RMSF.dat,DNA,24
94,DNA,2.4262,Arg133Cys,run3,3,Arg133Cys_run3_complex_RMSF.dat,DNA,25
95,DNA,2.3233,Arg133Cys,run3,3,Arg133Cys_run3_complex_RMSF.dat,DNA,26
96,DNA,2.3568,Arg133Cys,run3,3,Arg133Cys_run3_complex_RMSF.dat,DNA,27
97,DNA,2.4048,Arg133Cys,run3,3,Arg133Cys_run3_complex_RMSF.dat,DNA,28
98,DNA,2.3927,Arg133Cys,run3,3,Arg133Cys_run3_complex_RMSF.dat,DNA,29
99,DNA,2.3463,Arg133Cys,run3,3,Arg133Cys_run3_complex_RMSF.dat,DNA,30
100,DNA,2.2127,Arg133Cys,run3,3,Arg133Cys_run3_complex_RMSF.dat,DNA,31
101,DNA,2.2863,Arg133Cys,run3,3,Arg133Cys_run3_complex_RMSF.dat,DNA,32
102,DNA,2.441,Arg133Cys,run3,3,Arg133Cys_run3_complex_RMSF.dat,DNA,33
103,DNA,2.3174,Arg133Cys,run3,3,Arg133Cys_run3_complex_RMSF.dat,DNA,34
104,DNA,2.0664,Arg133Cys,run3,3,Arg133Cys_run3_complex_RMSF.dat,DNA,35
105,DNA,1.9048,Arg133Cys,run3,3,Arg133Cys_run3_complex_RMSF.dat,DNA,36
106,DNA,1.9282,Arg133Cys,run3,3,Arg133Cys_run3_complex_RMSF.dat,DNA,37
107,DNA,2.146,Arg133Cys,run3,3,Arg133Cys_run3_complex_RMSF.dat,DNA,38
108,DNA,2.588,Arg133Cys,run3,3,Arg133Cys_run3_complex_RMSF.dat,DNA,39
109,DNA,3.3981,Arg133Cys,run3,3,Arg133Cys_run3_complex_RMSF.dat,DNA,40
1,Protein,1.6996,Arg133Gly,run1,1,Arg133Gly_run1_complex_RMSF.dat,Protein,94
2,Protein,1.5806,Arg133Gly,run1,1,Arg133Gly_run1_complex_RMSF.dat,Protein,95
3,Protein,1.6725,Arg133Gly,run1,1,Arg133Gly_run1_complex_RMSF.dat,Protein,96
4,Protein,1.6982,Arg133Gly,run1,1,Arg133Gly_run1_complex_RMSF.dat,Protein,97
5,Protein,2.1603,Arg133Gly,run1,1,Arg133Gly_run1_complex_RMSF.dat,Protein,98
6,Protein,2.0357,Arg133Gly,run1,1,Arg133Gly_run1_complex_RMSF.dat,Protein,99
7,Protein,1.5783,Arg133Gly,run1,1,Arg133Gly_run1_complex_RMSF.dat,Protein,100
8,Protein,1.7213,Arg133Gly,run1,1,Arg133Gly_run1_complex_RMSF.dat,Protein,101
9,Protein,1.9384,Arg133Gly,run1,1,Arg133Gly_run1_complex_RMSF.dat,Protein,102
10,Protein,1.7929,Arg133Gly,run1,1,Arg133Gly_run1_complex_RMSF.dat,Protein,103
11,Protein,1.3788,Arg133Gly,run1,1,Arg133Gly_run1_complex_RMSF.dat,Protein,104
12,Protein,1.3032,Arg133Gly,run1,1,Arg133Gly_run1_complex_RMSF.dat,Protein,105
13,Protein,1.0895,Arg133Gly,run1,1,Arg133Gly_run1_complex_RMSF.dat,Protein,106
14,Protein,1.055,Arg133Gly,run1,1,Arg133Gly_run1_complex_RMSF.dat,Protein,107
15,Protein,1.03,Arg133Gly,run1,1,Arg133Gly_run1_complex_RMSF.dat,Protein,108
16,Protein,1.1497,Arg133Gly,run1,1,Arg133Gly_run1_complex_RMSF.dat,Protein,109
17,Protein,1.2779,Arg133Gly,run1,1,Arg133Gly_run1_complex_RMSF.dat,Protein,110
18,Protein,1.3335,Arg133Gly,run1,1,Arg133Gly_run1_complex_RMSF.dat,Protein,111
19,Protein,1.7527,Arg133Gly,run1,1,Arg133Gly_run1_complex_RMSF.dat,Protein,112
20,Protein,1.7347,Arg133Gly,run1,1,Arg133Gly_run1_complex_RMSF.dat,Protein,113
21,Protein,1.6886,Arg133Gly,run1,1,Arg133Gly_run1_complex_RMSF.dat,Protein,114
22,Protein,1.8108,Arg133Gly,run1,1,Arg133Gly_run1_complex_RMSF.dat,Protein,115
23,Protein,1.5474,Arg133Gly,run1,1,Arg133Gly_run1_complex_RMSF.dat,Protein,116
24,Protein,1.641,Arg133Gly,run1,1,Arg133Gly_run1_complex_RMSF.dat,Protein,117
25,Protein,1.7102,Arg133Gly,run1,1,Arg133Gly_run1_complex_RMSF.dat,Protein,118
26,Protein,1.4348,Arg133Gly,run1,1,Arg133Gly_run1_complex_RMSF.dat,Protein,119
27,Protein,1.1969,Arg133Gly,run1,1,Arg133Gly_run1_complex_RMSF.dat,Protein,120
28,Protein,1.0091,Arg133Gly,run1,1,Arg133Gly_run1_complex_RMSF.dat,Protein,121
29,Protein,0.8972,Arg133Gly,run1,1,Arg133Gly_run1_complex_RMSF.dat,Protein,122
30,Protein,0.8083,Arg133Gly,run1,1,Arg133Gly_run1_complex_RMSF.dat,Protein,123
31,Protein,0.9341,Arg133Gly,run1,1,Arg133Gly_run1_complex_RMSF.dat,Protein,124
32,Protein,1.1617,Arg133Gly,run1,1,Arg133Gly_run1_complex_RMSF.dat,Protein,125
33,Protein,1.3681,Arg133Gly,run1,1,Arg133Gly_run1_complex_RMSF.dat,Protein,126
34,Protein,1.7498,Arg133Gly,run1,1,Arg133Gly_run1_complex_RMSF.dat,Protein,127
35,Protein,2.0116,Arg133Gly,run1,1,Arg133Gly_run1_complex_RMSF.dat,Protein,128
36,Protein,1.82,Arg133Gly,run1,1,Arg133Gly_run1_complex_RMSF.dat,Protein,129
37,Protein,1.6158,Arg133Gly,run1,1,Arg133Gly_run1_complex_RMSF.dat,Protein,130
38,Protein,1.2793,Arg133Gly,run1,1,Arg133Gly_run1_complex_RMSF.dat,Protein,131
39,Protein,1.0677,Arg133Gly,run1,1,Arg133Gly_run1_complex_RMSF.dat,Protein,132
40,Protein,1.1342,Arg133Gly,run1,1,Arg133Gly_run1_complex_RMSF.dat,Protein,133
41,Protein,1.3683,Arg133Gly,run1,1,Arg133Gly_run1_complex_RMSF.dat,Protein,134
42,Protein,1.4503,Arg133Gly,run1,1,Arg133Gly_run1_complex_RMSF.dat,Protein,135
43,Protein,1.7316,Arg133Gly,run1,1,Arg133Gly_run1_complex_RMSF.dat,Protein,136
44,Protein,1.6001,Arg133Gly,run1,1,Arg133Gly_run1_complex_RMSF.dat,Protein,137
45,Protein,1.3519,Arg133Gly,run1,1,Arg133Gly_run1_complex_RMSF.dat,Protein,138
46,Protein,1.6772,Arg133Gly,run1,1,Arg133Gly_run1_complex_RMSF.dat,Protein,139
47,Protein,1.9126,Arg133Gly,run1,1,Arg133Gly_run1_complex_RMSF.dat,Protein,140
48,Protein,1.7187,Arg133Gly,run1,1,Arg133Gly_run1_complex_RMSF.dat,Protein,141
49,Protein,1.7844,Arg133Gly,run1,1,Arg133Gly_run1_complex_RMSF.dat,Protein,142
50,Protein,2.2013,Arg133Gly,run1,1,Arg133Gly_run1_complex_RMSF.dat,Protein,143
51,Protein,2.3846,Arg133Gly,run1,1,Arg133Gly_run1_complex_RMSF.dat,Protein,144
52,Protein,2.378,Arg133Gly,run1,1,Arg133Gly_run1_complex_RMSF.dat,Protein,145
53,Protein,2.7482,Arg133Gly,run1,1,Arg133Gly_run1_complex_RMSF.dat,Protein,146
54,Protein,2.9586,Arg133Gly,run1,1,Arg133Gly_run1_complex_RMSF.dat,Protein,147
55,Protein,2.5967,Arg133Gly,run1,1,Arg133Gly_run1_complex_RMSF.dat,Protein,148
56,Protein,3.1381,Arg133Gly,run1,1,Arg133Gly_run1_complex_RMSF.dat,Protein,149
57,Protein,1.9773,Arg133Gly,run1,1,Arg133Gly_run1_complex_RMSF.dat,Protein,150
58,Protein,2.0594,Arg133Gly,run1,1,Arg133Gly_run1_complex_RMSF.dat,Protein,151
59,Protein,1.8773,Arg133Gly,run1,1,Arg133Gly_run1_complex_RMSF.dat,Protein,152
60,Protein,2.2467,Arg133Gly,run1,1,Arg133Gly_run1_complex_RMSF.dat,Protein,153
61,Protein,2.0414,Arg133Gly,run1,1,Arg133Gly_run1_complex_RMSF.dat,Protein,154
62,Protein,1.4606,Arg133Gly,run1,1,Arg133Gly_run1_complex_RMSF.dat,Protein,155
63,Protein,1.5323,Arg133Gly,run1,1,Arg133Gly_run1_complex_RMSF.dat,Protein,156
64,Protein,1.2453,Arg133Gly,run1,1,Arg133Gly_run1_complex_RMSF.dat,Protein,157
65,Protein,1.4706,Arg133Gly,run1,1,Arg133Gly_run1_complex_RMSF.dat,Protein,158
66,Protein,1.4202,Arg133Gly,run1,1,Arg133Gly_run1_complex_RMSF.dat,Protein,159
67,Protein,1.8894,Arg133Gly,run1,1,Arg133Gly_run1_complex_RMSF.dat,Protein,160
68,Protein,2.0349,Arg133Gly,run1,1,Arg133Gly_run1_complex_RMSF.dat,Protein,161
69,Protein,2.677,Arg133Gly,run1,1,Arg133Gly_run1_complex_RMSF.dat,Protein,162
70,DNA,4.3932,Arg133Gly,run1,1,Arg133Gly_run1_complex_RMSF.dat,DNA,1
71,DNA,3.6416,Arg133Gly,run1,1,Arg133Gly_run1_complex_RMSF.dat,DNA,2
72,DNA,3.0966,Arg133Gly,run1,1,Arg133Gly_run1_complex_RMSF.dat,DNA,3
73,DNA,2.6715,Arg133Gly,run1,1,Arg133Gly_run1_complex_RMSF.dat,DNA,4
74,DNA,2.1891,Arg133Gly,run1,1,Arg133Gly_run1_complex_RMSF.dat,DNA,5
75,DNA,1.9134,Arg133Gly,run1,1,Arg133Gly_run1_complex_RMSF.dat,DNA,6
76,DNA,1.6773,Arg133Gly,run1,1,Arg133Gly_run1_complex_RMSF.dat,DNA,7
77,DNA,1.5995,Arg133Gly,run1,1,Arg133Gly_run1_complex_RMSF.dat,DNA,8
78,DNA,1.4642,Arg133Gly,run1,1,Arg133Gly_run1_complex_RMSF.dat,DNA,9
79,DNA,1.6767,Arg133Gly,run1,1,Arg133Gly_run1_complex_RMSF.dat,DNA,10
80,DNA,1.8778,Arg133Gly,run1,1,Arg133Gly_run1_complex_RMSF.dat,DNA,11
81,DNA,2.0011,Arg133Gly,run1,1,Arg133Gly_run1_complex_RMSF.dat,DNA,12
82,DNA,1.9609,Arg133Gly,run1,1,Arg133Gly_run1_complex_RMSF.dat,DNA,13
83,DNA,1.9287,Arg133Gly,run1,1,Arg133Gly_run1_complex_RMSF.dat,DNA,14
84,DNA,1.8699,Arg133Gly,run1,1,Arg133Gly_run1_complex_RMSF.dat,DNA,15
85,DNA,1.8644,Arg133Gly,run1,1,Arg133Gly_run1_complex_RMSF.dat,DNA,16
86,DNA,1.9217,Arg133Gly,run1,1,Arg133Gly_run1_complex_RMSF.dat,DNA,17
87,DNA,2.1774,Arg133Gly,run1,1,Arg133Gly_run1_complex_RMSF.dat,DNA,18
88,DNA,2.7882,Arg133Gly,run1,1,Arg133Gly_run1_complex_RMSF.dat,DNA,19
89,DNA,3.7254,Arg133Gly,run1,1,Arg133Gly_run1_complex_RMSF.dat,DNA,20
90,DNA,5.9161,Arg133Gly,run1,1,Arg133Gly_run1_complex_RMSF.dat,DNA,21
91,DNA,4.5625,Arg133Gly,run1,1,Arg133Gly_run1_complex_RMSF.dat,DNA,22
92,DNA,3.5718,Arg133Gly,run1,1,Arg133Gly_run1_complex_RMSF.dat,DNA,23
93,DNA,2.7432,Arg133Gly,run1,1,Arg133Gly_run1_complex_RMSF.dat,DNA,24
94,DNA,2.305,Arg133Gly,run1,1,Arg133Gly_run1_complex_RMSF.dat,DNA,25
95,DNA,2.1055,Arg133Gly,run1,1,Arg133Gly_run1_complex_RMSF.dat,DNA,26
96,DNA,1.9932,Arg133Gly,run1,1,Arg133Gly_run1_complex_RMSF.dat,DNA,27
97,DNA,1.9306,Arg133Gly,run1,1,Arg133Gly_run1_complex_RMSF.dat,DNA,28
98,DNA,1.8387,Arg133Gly,run1,1,Arg133Gly_run1_complex_RMSF.dat,DNA,29
99,DNA,1.7334,Arg133Gly,run1,1,Arg133Gly_run1_complex_RMSF.dat,DNA,30
100,DNA,1.7624,Arg133Gly,run1,1,Arg133Gly_run1_complex_RMSF.dat,DNA,31
101,DNA,1.6853,Arg133Gly,run1,1,Arg133Gly_run1_complex_RMSF.dat,DNA,32
102,DNA,1.7058,Arg133Gly,run1,1,Arg133Gly_run1_complex_RMSF.dat,DNA,33
103,DNA,1.6654,Arg133Gly,run1,1,Arg133Gly_run1_complex_RMSF.dat,DNA,34
104,DNA,1.6288,Arg133Gly,run1,1,Arg133Gly_run1_complex_RMSF.dat,DNA,35
105,DNA,1.6843,Arg133Gly,run1,1,Arg133Gly_run1_complex_RMSF.dat,DNA,36
106,DNA,1.8898,Arg133Gly,run1,1,Arg133Gly_run1_complex_RMSF.dat,DNA,37
107,DNA,2.0825,Arg133Gly,run1,1,Arg133Gly_run1_complex_RMSF.dat,DNA,38
108,DNA,2.3015,Arg133Gly,run1,1,Arg133Gly_run1_complex_RMSF.dat,DNA,39
109,DNA,2.8169,Arg133Gly,run1,1,Arg133Gly_run1_complex_RMSF.dat,DNA,40
1,Protein,1.5374,Arg133Gly,run2,2,Arg133Gly_run2_complex_RMSF.dat,Protein,94
2,Protein,1.4296,Arg133Gly,run2,2,Arg133Gly_run2_complex_RMSF.dat,Protein,95
3,Protein,1.5439,Arg133Gly,run2,2,Arg133Gly_run2_complex_RMSF.dat,Protein,96
4,Protein,1.6163,Arg133Gly,run2,2,Arg133Gly_run2_complex_RMSF.dat,Protein,97
5,Protein,2.0125,Arg133Gly,run2,2,Arg133Gly_run2_complex_RMSF.dat,Protein,98
6,Protein,1.9696,Arg133Gly,run2,2,Arg133Gly_run2_complex_RMSF.dat,Protein,99
7,Protein,1.6042,Arg133Gly,run2,2,Arg133Gly_run2_complex_RMSF.dat,Protein,100
8,Protein,1.7937,Arg133Gly,run2,2,Arg133Gly_run2_complex_RMSF.dat,Protein,101
9,Protein,1.9189,Arg133Gly,run2,2,Arg133Gly_run2_complex_RMSF.dat,Protein,102
10,Protein,1.7056,Arg133Gly,run2,2,Arg133Gly_run2_complex_RMSF.dat,Protein,103
11,Protein,1.3591,Arg133Gly,run2,2,Arg133Gly_run2_complex_RMSF.dat,Protein,104
12,Protein,1.2098,Arg133Gly,run2,2,Arg133Gly_run2_complex_RMSF.dat,Protein,105
13,Protein,1.0482,Arg133Gly,run2,2,Arg133Gly_run2_complex_RMSF.dat,Protein,106
14,Protein,1.0585,Arg133Gly,run2,2,Arg133Gly_run2_complex_RMSF.dat,Protein,107
15,Protein,1.069,Arg133Gly,run2,2,Arg133Gly_run2_complex_RMSF.dat,Protein,108
16,Protein,1.2219,Arg133Gly,run2,2,Arg133Gly_run2_complex_RMSF.dat,Protein,109
17,Protein,1.3162,Arg133Gly,run2,2,Arg133Gly_run2_complex_RMSF.dat,Protein,110
18,Protein,1.3257,Arg133Gly,run2,2,Arg133Gly_run2_complex_RMSF.dat,Protein,111
19,Protein,1.7585,Arg133Gly,run2,2,Arg133Gly_run2_complex_RMSF.dat,Protein,112
20,Protein,1.6362,Arg133Gly,run2,2,Arg133Gly_run2_complex_RMSF.dat,Protein,113
21,Protein,1.6322,Arg133Gly,run2,2,Arg133Gly_run2_complex_RMSF.dat,Protein,114
22,Protein,1.6674,Arg133Gly,run2,2,Arg133Gly_run2_complex_RMSF.dat,Protein,115
23,Protein,1.429,Arg133Gly,run2,2,Arg133Gly_run2_complex_RMSF.dat,Protein,116
24,Protein,1.5761,Arg133Gly,run2,2,Arg133Gly_run2_complex_RMSF.dat,Protein,117
25,Protein,1.69,Arg133Gly,run2,2,Arg133Gly_run2_complex_RMSF.dat,Protein,118
26,Protein,1.4233,Arg133Gly,run2,2,Arg133Gly_run2_complex_RMSF.dat,Protein,119
27,Protein,1.2037,Arg133Gly,run2,2,Arg133Gly_run2_complex_RMSF.dat,Protein,120
28,Protein,1.0213,Arg133Gly,run2,2,Arg133Gly_run2_complex_RMSF.dat,Protein,121
29,Protein,0.9536,Arg133Gly,run2,2,Arg133Gly_run2_complex_RMSF.dat,Protein,122
30,Protein,0.8789,Arg133Gly,run2,2,Arg133Gly_run2_complex_RMSF.dat,Protein,123
31,Protein,0.9613,Arg133Gly,run2,2,Arg133Gly_run2_complex_RMSF.dat,Protein,124
32,Protein,1.1327,Arg133Gly,run2,2,Arg133Gly_run2_complex_RMSF.dat,Protein,125
33,Protein,1.3363,Arg133Gly,run2,2,Arg133Gly_run2_complex_RMSF.dat,Protein,126
34,Protein,1.6506,Arg133Gly,run2,2,Arg133Gly_run2_complex_RMSF.dat,Protein,127
35,Protein,1.8776,Arg133Gly,run2,2,Arg133Gly_run2_complex_RMSF.dat,Protein,128
36,Protein,1.6822,Arg133Gly,run2,2,Arg133Gly_run2_complex_RMSF.dat,Protein,129
37,Protein,1.556,Arg133Gly,run2,2,Arg133Gly_run2_complex_RMSF.dat,Protein,130
38,Protein,1.2799,Arg133Gly,run2,2,Arg133Gly_run2_complex_RMSF.dat,Protein,131
39,Protein,1.1299,Arg133Gly,run2,2,Arg133Gly_run2_complex_RMSF.dat,Protein,132
40,Protein,1.2771,Arg133Gly,run2,2,Arg133Gly_run2_complex_RMSF.dat,Protein,133
41,Protein,1.4246,Arg133Gly,run2,2,Arg133Gly_run2_complex_RMSF.dat,Protein,134
42,Protein,1.5428,Arg133Gly,run2,2,Arg133Gly_run2_complex_RMSF.dat,Protein,135
43,Protein,1.7795,Arg133Gly,run2,2,Arg133Gly_run2_complex_RMSF.dat,Protein,136
44,Protein,1.5998,Arg133Gly,run2,2,Arg133Gly_run2_complex_RMSF.dat,Protein,137
45,Protein,1.4447,Arg133Gly,run2,2,Arg133Gly_run2_complex_RMSF.dat,Protein,138
46,Protein,1.7989,Arg133Gly,run2,2,Arg133Gly_run2_complex_RMSF.dat,Protein,139
47,Protein,1.9648,Arg133Gly,run2,2,Arg133Gly_run2_complex_RMSF.dat,Protein,140
48,Protein,1.7625,Arg133Gly,run2,2,Arg133Gly_run2_complex_RMSF.dat,Protein,141
49,Protein,1.8586,Arg133Gly,run2,2,Arg133Gly_run2_complex_RMSF.dat,Protein,142
50,Protein,2.2613,Arg133Gly,run2,2,Arg133Gly_run2_complex_RMSF.dat,Protein,143
51,Protein,2.4253,Arg133Gly,run2,2,Arg133Gly_run2_complex_RMSF.dat,Protein,144
52,Protein,2.456,Arg133Gly,run2,2,Arg133Gly_run2_complex_RMSF.dat,Protein,145
53,Protein,3.0775,Arg133Gly,run2,2,Arg133Gly_run2_complex_RMSF.dat,Protein,146
54,Protein,3.3174,Arg133Gly,run2,2,Arg133Gly_run2_complex_RMSF.dat,Protein,147
55,Protein,2.654,Arg133Gly,run2,2,Arg133Gly_run2_complex_RMSF.dat,Protein,148
56,Protein,2.7557,Arg133Gly,run2,2,Arg133Gly_run2_complex_RMSF.dat,Protein,149
57,Protein,2.1767,Arg133Gly,run2,2,Arg133Gly_run2_complex_RMSF.dat,Protein,150
58,Protein,2.3631,Arg133Gly,run2,2,Arg133Gly_run2_complex_RMSF.dat,Protein,151
59,Protein,2.0728,Arg133Gly,run2,2,Arg133Gly_run2_complex_RMSF.dat,Protein,152
60,Protein,2.4468,Arg133Gly,run2,2,Arg133Gly_run2_complex_RMSF.dat,Protein,153
61,Protein,2.2415,Arg133Gly,run2,2,Arg133Gly_run2_complex_RMSF.dat,Protein,154
62,Protein,1.4843,Arg133Gly,run2,2,Arg133Gly_run2_complex_RMSF.dat,Protein,155
63,Protein,1.4038,Arg133Gly,run2,2,Arg133Gly_run2_complex_RMSF.dat,Protein,156
64,Protein,1.1282,Arg133Gly,run2,2,Arg133Gly_run2_complex_RMSF.dat,Protein,157
65,Protein,1.2859,Arg133Gly,run2,2,Arg133Gly_run2_complex_RMSF.dat,Protein,158
66,Protein,1.3229,Arg133Gly,run2,2,Arg133Gly_run2_complex_RMSF.dat,Protein,159
67,Protein,1.683,Arg133Gly,run2,2,Arg133Gly_run2_complex_RMSF.dat,Protein,160
68,Protein,2.0067,Arg133Gly,run2,2,Arg133Gly_run2_complex_RMSF.dat,Protein,161
69,Protein,2.6231,Arg133Gly,run2,2,Arg133Gly_run2_complex_RMSF.dat,Protein,162
70,DNA,4.6348,Arg133Gly,run2,2,Arg133Gly_run2_complex_RMSF.dat,DNA,1
71,DNA,3.8937,Arg133Gly,run2,2,Arg133Gly_run2_complex_RMSF.dat,DNA,2
72,DNA,3.3401,Arg133Gly,run2,2,Arg133Gly_run2_complex_RMSF.dat,DNA,3
73,DNA,2.877,Arg133Gly,run2,2,Arg133Gly_run2_complex_RMSF.dat,DNA,4
74,DNA,2.3779,Arg133Gly,run2,2,Arg133Gly_run2_complex_RMSF.dat,DNA,5
75,DNA,2.0354,Arg133Gly,run2,2,Arg133Gly_run2_complex_RMSF.dat,DNA,6
76,DNA,1.785,Arg133Gly,run2,2,Arg133Gly_run2_complex_RMSF.dat,DNA,7
77,DNA,1.5984,Arg133Gly,run2,2,Arg133Gly_run2_complex_RMSF.dat,DNA,8
78,DNA,1.4776,Arg133Gly,run2,2,Arg133Gly_run2_complex_RMSF.dat,DNA,9
79,DNA,1.7654,Arg133Gly,run2,2,Arg133Gly_run2_complex_RMSF.dat,DNA,10
80,DNA,2.0042,Arg133Gly,run2,2,Arg133Gly_run2_complex_RMSF.dat,DNA,11
81,DNA,2.0336,Arg133Gly,run2,2,Arg133Gly_run2_complex_RMSF.dat,DNA,12
82,DNA,1.9976,Arg133Gly,run2,2,Arg133Gly_run2_complex_RMSF.dat,DNA,13
83,DNA,1.974,Arg133Gly,run2,2,Arg133Gly_run2_complex_RMSF.dat,DNA,14
84,DNA,1.9598,Arg133Gly,run2,2,Arg133Gly_run2_complex_RMSF.dat,DNA,15
85,DNA,1.9733,Arg133Gly,run2,2,Arg133Gly_run2_complex_RMSF.dat,DNA,16
86,DNA,2.0733,Arg133Gly,run2,2,Arg133Gly_run2_complex_RMSF.dat,DNA,17
87,DNA,2.3304,Arg133Gly,run2,2,Arg133Gly_run2_complex_RMSF.dat,DNA,18
88,DNA,2.8032,Arg133Gly,run2,2,Arg133Gly_run2_complex_RMSF.dat,DNA,19
89,DNA,3.6405,Arg133Gly,run2,2,Arg133Gly_run2_complex_RMSF.dat,DNA,20
90,DNA,5.5235,Arg133Gly,run2,2,Arg133Gly_run2_complex_RMSF.dat,DNA,21
91,DNA,4.289,Arg133Gly,run2,2,Arg133Gly_run2_complex_RMSF.dat,DNA,22
92,DNA,3.4733,Arg133Gly,run2,2,Arg133Gly_run2_complex_RMSF.dat,DNA,23
93,DNA,2.8229,Arg133Gly,run2,2,Arg133Gly_run2_complex_RMSF.dat,DNA,24
94,DNA,2.3873,Arg133Gly,run2,2,Arg133Gly_run2_complex_RMSF.dat,DNA,25
95,DNA,2.1353,Arg133Gly,run2,2,Arg133Gly_run2_complex_RMSF.dat,DNA,26
96,DNA,2.0131,Arg133Gly,run2,2,Arg133Gly_run2_complex_RMSF.dat,DNA,27
97,DNA,1.9454,Arg133Gly,run2,2,Arg133Gly_run2_complex_RMSF.dat,DNA,28
98,DNA,1.8111,Arg133Gly,run2,2,Arg133Gly_run2_complex_RMSF.dat,DNA,29
99,DNA,1.626,Arg133Gly,run2,2,Arg133Gly_run2_complex_RMSF.dat,DNA,30
100,DNA,1.7311,Arg133Gly,run2,2,Arg133Gly_run2_complex_RMSF.dat,DNA,31
101,DNA,1.806,Arg133Gly,run2,2,Arg133Gly_run2_complex_RMSF.dat,DNA,32
102,DNA,1.7668,Arg133Gly,run2,2,Arg133Gly_run2_complex_RMSF.dat,DNA,33
103,DNA,1.8189,Arg133Gly,run2,2,Arg133Gly_run2_complex_RMSF.dat,DNA,34
104,DNA,1.8468,Arg133Gly,run2,2,Arg133Gly_run2_complex_RMSF.dat,DNA,35
105,DNA,1.8466,Arg133Gly,run2,2,Arg133Gly_run2_complex_RMSF.dat,DNA,36
106,DNA,1.9666,Arg133Gly,run2,2,Arg133Gly_run2_complex_RMSF.dat,DNA,37
107,DNA,2.122,Arg133Gly,run2,2,Arg133Gly_run2_complex_RMSF.dat,DNA,38
108,DNA,2.38,Arg133Gly,run2,2,Arg133Gly_run2_complex_RMSF.dat,DNA,39
109,DNA,2.9719,Arg133Gly,run2,2,Arg133Gly_run2_complex_RMSF.dat,DNA,40
1,Protein,1.8092,Arg133Gly,run3,3,Arg133Gly_run3_complex_RMSF.dat,Protein,94
2,Protein,1.753,Arg133Gly,run3,3,Arg133Gly_run3_complex_RMSF.dat,Protein,95
3,Protein,1.8158,Arg133Gly,run3,3,Arg133Gly_run3_complex_RMSF.dat,Protein,96
4,Protein,1.7069,Arg133Gly,run3,3,Arg133Gly_run3_complex_RMSF.dat,Protein,97
5,Protein,2.1263,Arg133Gly,run3,3,Arg133Gly_run3_complex_RMSF.dat,Protein,98
6,Protein,1.9342,Arg133Gly,run3,3,Arg133Gly_run3_complex_RMSF.dat,Protein,99
7,Protein,1.5753,Arg133Gly,run3,3,Arg133Gly_run3_complex_RMSF.dat,Protein,100
8,Protein,1.6985,Arg133Gly,run3,3,Arg133Gly_run3_complex_RMSF.dat,Protein,101
9,Protein,1.9563,Arg133Gly,run3,3,Arg133Gly_run3_complex_RMSF.dat,Protein,102
10,Protein,1.7878,Arg133Gly,run3,3,Arg133Gly_run3_complex_RMSF.dat,Protein,103
11,Protein,1.384,Arg133Gly,run3,3,Arg133Gly_run3_complex_RMSF.dat,Protein,104
12,Protein,1.3574,Arg133Gly,run3,3,Arg133Gly_run3_complex_RMSF.dat,Protein,105
13,Protein,1.1959,Arg133Gly,run3,3,Arg133Gly_run3_complex_RMSF.dat,Protein,106
14,Protein,1.1926,Arg133Gly,run3,3,Arg133Gly_run3_complex_RMSF.dat,Protein,107
15,Protein,1.1846,Arg133Gly,run3,3,Arg133Gly_run3_complex_RMSF.dat,Protein,108
16,Protein,1.1605,Arg133Gly,run3,3,Arg133Gly_run3_complex_RMSF.dat,Protein,109
17,Protein,1.1797,Arg133Gly,run3,3,Arg133Gly_run3_complex_RMSF.dat,Protein,110
18,Protein,1.1986,Arg133Gly,run3,3,Arg133Gly_run3_complex_RMSF.dat,Protein,111
19,Protein,1.5599,Arg133Gly,run3,3,Arg133Gly_run3_complex_RMSF.dat,Protein,112
20,Protein,1.5683,Arg133Gly,run3,3,Arg133Gly_run3_complex_RMSF.dat,Protein,113
21,Protein,1.6102,Arg133Gly,run3,3,Arg133Gly_run3_complex_RMSF.dat,Protein,114
22,Protein,1.703,Arg133Gly,run3,3,Arg133Gly_run3_complex_RMSF.dat,Protein,115
23,Protein,1.4065,Arg133Gly,run3,3,Arg133Gly_run3_complex_RMSF.dat,Protein,116
24,Protein,1.4713,Arg133Gly,run3,3,Arg133Gly_run3_complex_RMSF.dat,Protein,117
25,Protein,1.5266,Arg133Gly,run3,3,Arg133Gly_run3_complex_RMSF.dat,Protein,118
26,Protein,1.3153,Arg133Gly,run3,3,Arg133Gly_run3_complex_RMSF.dat,Protein,119
27,Protein,1.1692,Arg133Gly,run3,3,Arg133Gly_run3_complex_RMSF.dat,Protein,120
28,Protein,1.0467,Arg133Gly,run3,3,Arg133Gly_run3_complex_RMSF.dat,Protein,121
29,Protein,1.0421,Arg133Gly,run3,3,Arg133Gly_run3_complex_RMSF.dat,Protein,122
30,Protein,0.9787,Arg133Gly,run3,3,Arg133Gly_run3_complex_RMSF.dat,Protein,123
31,Protein,1.0218,Arg133Gly,run3,3,Arg133Gly_run3_complex_RMSF.dat,Protein,124
32,Protein,1.1907,Arg133Gly,run3,3,Arg133Gly_run3_complex_RMSF.dat,Protein,125
33,Protein,1.3449,Arg133Gly,run3,3,Arg133Gly_run3_complex_RMSF.dat,Protein,126
34,Protein,1.7101,Arg133Gly,run3,3,Arg133Gly_run3_complex_RMSF.dat,Protein,127
35,Protein,1.9687,Arg133Gly,run3,3,Arg133Gly_run3_complex_RMSF.dat,Protein,128
36,Protein,1.8082,Arg133Gly,run3,3,Arg133Gly_run3_complex_RMSF.dat,Protein,129
37,Protein,1.6142,Arg133Gly,run3,3,Arg133Gly_run3_complex_RMSF.dat,Protein,130
38,Protein,1.3246,Arg133Gly,run3,3,Arg133Gly_run3_complex_RMSF.dat,Protein,131
39,Protein,1.1716,Arg133Gly,run3,3,Arg133Gly_run3_complex_RMSF.dat,Protein,132
40,Protein,1.3637,Arg133Gly,run3,3,Arg133Gly_run3_complex_RMSF.dat,Protein,133
41,Protein,1.5362,Arg133Gly,run3,3,Arg133Gly_run3_complex_RMSF.dat,Protein,134
42,Protein,1.4929,Arg133Gly,run3,3,Arg133Gly_run3_complex_RMSF.dat,Protein,135
43,Protein,1.6774,Arg133Gly,run3,3,Arg133Gly_run3_complex_RMSF.dat,Protein,136
44,Protein,1.5327,Arg133Gly,run3,3,Arg133Gly_run3_complex_RMSF.dat,Protein,137
45,Protein,1.2976,Arg133Gly,run3,3,Arg133Gly_run3_complex_RMSF.dat,Protein,138
46,Protein,1.5613,Arg133Gly,run3,3,Arg133Gly_run3_complex_RMSF.dat,Protein,139
47,Protein,1.7497,Arg133Gly,run3,3,Arg133Gly_run3_complex_RMSF.dat,Protein,140
48,Protein,1.5873,Arg133Gly,run3,3,Arg133Gly_run3_complex_RMSF.dat,Protein,141
49,Protein,1.6362,Arg133Gly,run3,3,Arg133Gly_run3_complex_RMSF.dat,Protein,142
50,Protein,2.0187,Arg133Gly,run3,3,Arg133Gly_run3_complex_RMSF.dat,Protein,143
51,Protein,2.168,Arg133Gly,run3,3,Arg133Gly_run3_complex_RMSF.dat,Protein,144
52,Protein,2.2288,Arg133Gly,run3,3,Arg133Gly_run3_complex_RMSF.dat,Protein,145
53,Protein,2.6044,Arg133Gly,run3,3,Arg133Gly_run3_complex_RMSF.dat,Protein,146
54,Protein,2.7959,Arg133Gly,run3,3,Arg133Gly_run3_complex_RMSF.dat,Protein,147
55,Protein,2.3803,Arg133Gly,run3,3,Arg133Gly_run3_complex_RMSF.dat,Protein,148
56,Protein,2.6624,Arg133Gly,run3,3,Arg133Gly_run3_complex_RMSF.dat,Protein,149
57,Protein,1.9591,Arg133Gly,run3,3,Arg133Gly_run3_complex_RMSF.dat,Protein,150
58,Protein,1.9553,Arg133Gly,run3,3,Arg133Gly_run3_complex_RMSF.dat,Protein,151
59,Protein,1.7167,Arg133Gly,run3,3,Arg133Gly_run3_complex_RMSF.dat,Protein,152
60,Protein,2.1111,Arg133Gly,run3,3,Arg133Gly_run3_complex_RMSF.dat,Protein,153
61,Protein,1.914,Arg133Gly,run3,3,Arg133Gly_run3_complex_RMSF.dat,Protein,154
62,Protein,1.362,Arg133Gly,run3,3,Arg133Gly_run3_complex_RMSF.dat,Protein,155
63,Protein,1.3419,Arg133Gly,run3,3,Arg133Gly_run3_complex_RMSF.dat,Protein,156
64,Protein,1.1837,Arg133Gly,run3,3,Arg133Gly_run3_complex_RMSF.dat,Protein,157
65,Protein,1.4089,Arg133Gly,run3,3,Arg133Gly_run3_complex_RMSF.dat,Protein,158
66,Protein,1.3317,Arg133Gly,run3,3,Arg133Gly_run3_complex_RMSF.dat,Protein,159
67,Protein,1.7357,Arg133Gly,run3,3,Arg133Gly_run3_complex_RMSF.dat,Protein,160
68,Protein,1.9935,Arg133Gly,run3,3,Arg133Gly_run3_complex_RMSF.dat,Protein,161
69,Protein,2.6171,Arg133Gly,run3,3,Arg133Gly_run3_complex_RMSF.dat,Protein,162
70,DNA,4.8137,Arg133Gly,run3,3,Arg133Gly_run3_complex_RMSF.dat,DNA,1
71,DNA,3.608,Arg133Gly,run3,3,Arg133Gly_run3_complex_RMSF.dat,DNA,2
72,DNA,3.046,Arg133Gly,run3,3,Arg133Gly_run3_complex_RMSF.dat,DNA,3
73,DNA,2.6767,Arg133Gly,run3,3,Arg133Gly_run3_complex_RMSF.dat,DNA,4
74,DNA,2.351,Arg133Gly,run3,3,Arg133Gly_run3_complex_RMSF.dat,DNA,5
75,DNA,2.1553,Arg133Gly,run3,3,Arg133Gly_run3_complex_RMSF.dat,DNA,6
76,DNA,1.8666,Arg133Gly,run3,3,Arg133Gly_run3_complex_RMSF.dat,DNA,7
77,DNA,1.537,Arg133Gly,run3,3,Arg133Gly_run3_complex_RMSF.dat,DNA,8
78,DNA,1.5177,Arg133Gly,run3,3,Arg133Gly_run3_complex_RMSF.dat,DNA,9
79,DNA,1.748,Arg133Gly,run3,3,Arg133Gly_run3_complex_RMSF.dat,DNA,10
80,DNA,1.9139,Arg133Gly,run3,3,Arg133Gly_run3_complex_RMSF.dat,DNA,11
81,DNA,2.0237,Arg133Gly,run3,3,Arg133Gly_run3_complex_RMSF.dat,DNA,12
82,DNA,1.9942,Arg133Gly,run3,3,Arg133Gly_run3_complex_RMSF.dat,DNA,13
83,DNA,1.9547,Arg133Gly,run3,3,Arg133Gly_run3_complex_RMSF.dat,DNA,14
84,DNA,2.0525,Arg133Gly,run3,3,Arg133Gly_run3_complex_RMSF.dat,DNA,15
85,DNA,1.9811,Arg133Gly,run3,3,Arg133Gly_run3_complex_RMSF.dat,DNA,16
86,DNA,2.0307,Arg133Gly,run3,3,Arg133Gly_run3_complex_RMSF.dat,DNA,17
87,DNA,2.3236,Arg133Gly,run3,3,Arg133Gly_run3_complex_RMSF.dat,DNA,18
88,DNA,2.8973,Arg133Gly,run3,3,Arg133Gly_run3_complex_RMSF.dat,DNA,19
89,DNA,3.813,Arg133Gly,run3,3,Arg133Gly_run3_complex_RMSF.dat,DNA,20
90,DNA,5.6153,Arg133Gly,run3,3,Arg133Gly_run3_complex_RMSF.dat,DNA,21
91,DNA,4.2242,Arg133Gly,run3,3,Arg133Gly_run3_complex_RMSF.dat,DNA,22
92,DNA,3.3596,Arg133Gly,run3,3,Arg133Gly_run3_complex_RMSF.dat,DNA,23
93,DNA,2.7984,Arg133Gly,run3,3,Arg133Gly_run3_complex_RMSF.dat,DNA,24
94,DNA,2.447,Arg133Gly,run3,3,Arg133Gly_run3_complex_RMSF.dat,DNA,25
95,DNA,2.207,Arg133Gly,run3,3,Arg133Gly_run3_complex_RMSF.dat,DNA,26
96,DNA,2.0171,Arg133Gly,run3,3,Arg133Gly_run3_complex_RMSF.dat,DNA,27
97,DNA,1.8941,Arg133Gly,run3,3,Arg133Gly_run3_complex_RMSF.dat,DNA,28
98,DNA,1.7749,Arg133Gly,run3,3,Arg133Gly_run3_complex_RMSF.dat,DNA,29
99,DNA,1.7746,Arg133Gly,run3,3,Arg133Gly_run3_complex_RMSF.dat,DNA,30
100,DNA,1.8027,Arg133Gly,run3,3,Arg133Gly_run3_complex_RMSF.dat,DNA,31
101,DNA,1.7072,Arg133Gly,run3,3,Arg133Gly_run3_complex_RMSF.dat,DNA,32
102,DNA,1.8201,Arg133Gly,run3,3,Arg133Gly_run3_complex_RMSF.dat,DNA,33
103,DNA,1.8216,Arg133Gly,run3,3,Arg133Gly_run3_complex_RMSF.dat,DNA,34
104,DNA,1.807,Arg133Gly,run3,3,Arg133Gly_run3_complex_RMSF.dat,DNA,35
105,DNA,1.7598,Arg133Gly,run3,3,Arg133Gly_run3_complex_RMSF.dat,DNA,36
106,DNA,1.9027,Arg133Gly,run3,3,Arg133Gly_run3_complex_RMSF.dat,DNA,37
107,DNA,2.0567,Arg133Gly,run3,3,Arg133Gly_run3_complex_RMSF.dat,DNA,38
108,DNA,2.2532,Arg133Gly,run3,3,Arg133Gly_run3_complex_RMSF.dat,DNA,39
109,DNA,2.7951,Arg133Gly,run3,3,Arg133Gly_run3_complex_RMSF.dat,DNA,40
1,Protein,7.5396,Arg133Leu,run1,1,Arg133Leu_run1_complex_RMSF.dat,Protein,94
2,Protein,6.9691,Arg133Leu,run1,1,Arg133Leu_run1_complex_RMSF.dat,Protein,95
3,Protein,6.0019,Arg133Leu,run1,1,Arg133Leu_run1_complex_RMSF.dat,Protein,96
4,Protein,4.2551,Arg133Leu,run1,1,Arg133Leu_run1_complex_RMSF.dat,Protein,97
5,Protein,3.7824,Arg133Leu,run1,1,Arg133Leu_run1_complex_RMSF.dat,Protein,98
6,Protein,2.8642,Arg133Leu,run1,1,Arg133Leu_run1_complex_RMSF.dat,Protein,99
7,Protein,2.1267,Arg133Leu,run1,1,Arg133Leu_run1_complex_RMSF.dat,Protein,100
8,Protein,2.1221,Arg133Leu,run1,1,Arg133Leu_run1_complex_RMSF.dat,Protein,101
9,Protein,2.0707,Arg133Leu,run1,1,Arg133Leu_run1_complex_RMSF.dat,Protein,102
10,Protein,1.8434,Arg133Leu,run1,1,Arg133Leu_run1_complex_RMSF.dat,Protein,103
11,Protein,1.426,Arg133Leu,run1,1,Arg133Leu_run1_complex_RMSF.dat,Protein,104
12,Protein,1.457,Arg133Leu,run1,1,Arg133Leu_run1_complex_RMSF.dat,Protein,105
13,Protein,1.3573,Arg133Leu,run1,1,Arg133Leu_run1_complex_RMSF.dat,Protein,106
14,Protein,1.4851,Arg133Leu,run1,1,Arg133Leu_run1_complex_RMSF.dat,Protein,107
15,Protein,1.4907,Arg133Leu,run1,1,Arg133Leu_run1_complex_RMSF.dat,Protein,108
16,Protein,1.433,Arg133Leu,run1,1,Arg133Leu_run1_complex_RMSF.dat,Protein,109
17,Protein,1.3796,Arg133Leu,run1,1,Arg133Leu_run1_complex_RMSF.dat,Protein,110
18,Protein,1.3794,Arg133Leu,run1,1,Arg133Leu_run1_complex_RMSF.dat,Protein,111
19,Protein,1.8008,Arg133Leu,run1,1,Arg133Leu_run1_complex_RMSF.dat,Protein,112
20,Protein,1.8564,Arg133Leu,run1,1,Arg133Leu_run1_complex_RMSF.dat,Protein,113
21,Protein,2.1843,Arg133Leu,run1,1,Arg133Leu_run1_complex_RMSF.dat,Protein,114
22,Protein,1.8442,Arg133Leu,run1,1,Arg133Leu_run1_complex_RMSF.dat,Protein,115
23,Protein,1.5142,Arg133Leu,run1,1,Arg133Leu_run1_complex_RMSF.dat,Protein,116
24,Protein,1.6555,Arg133Leu,run1,1,Arg133Leu_run1_complex_RMSF.dat,Protein,117
25,Protein,1.7733,Arg133Leu,run1,1,Arg133Leu_run1_complex_RMSF.dat,Protein,118
26,Protein,1.3866,Arg133Leu,run1,1,Arg133Leu_run1_complex_RMSF.dat,Protein,119
27,Protein,1.2615,Arg133Leu,run1,1,Arg133Leu_run1_complex_RMSF.dat,Protein,120
28,Protein,1.2183,Arg133Leu,run1,1,Arg133Leu_run1_complex_RMSF.dat,Protein,121
29,Protein,1.2612,Arg133Leu,run1,1,Arg133Leu_run1_complex_RMSF.dat,Protein,122
30,Protein,1.0124,Arg133Leu,run1,1,Arg133Leu_run1_complex_RMSF.dat,Protein,123
31,Protein,1.0986,Arg133Leu,run1,1,Arg133Leu_run1_complex_RMSF.dat,Protein,124
32,Protein,1.2896,Arg133Leu,run1,1,Arg133Leu_run1_complex_RMSF.dat,Protein,125
33,Protein,1.4515,Arg133Leu,run1,1,Arg133Leu_run1_complex_RMSF.dat,Protein,126
34,Protein,1.8732,Arg133Leu,run1,1,Arg133Leu_run1_complex_RMSF.dat,Protein,127
35,Protein,2.5269,Arg133Leu,run1,1,Arg133Leu_run1_complex_RMSF.dat,Protein,128
36,Protein,2.9849,Arg133Leu,run1,1,Arg133Leu_run1_complex_RMSF.dat,Protein,129
37,Protein,2.0004,Arg133Leu,run1,1,Arg133Leu_run1_complex_RMSF.dat,Protein,130
38,Protein,1.4628,Arg133Leu,run1,1,Arg133Leu_run1_complex_RMSF.dat,Protein,131
39,Protein,1.3335,Arg133Leu,run1,1,Arg133Leu_run1_complex_RMSF.dat,Protein,132
40,Protein,1.4409,Arg133Leu,run1,1,Arg133Leu_run1_complex_RMSF.dat,Protein,133
41,Protein,2.0732,Arg133Leu,run1,1,Arg133Leu_run1_complex_RMSF.dat,Protein,134
42,Protein,2.3029,Arg133Leu,run1,1,Arg133Leu_run1_complex_RMSF.dat,Protein,135
43,Protein,2.6878,Arg133Leu,run1,1,Arg133Leu_run1_complex_RMSF.dat,Protein,136
44,Protein,2.3605,Arg133Leu,run1,1,Arg133Leu_run1_complex_RMSF.dat,Protein,137
45,Protein,2.0243,Arg133Leu,run1,1,Arg133Leu_run1_complex_RMSF.dat,Protein,138
46,Protein,2.6808,Arg133Leu,run1,1,Arg133Leu_run1_complex_RMSF.dat,Protein,139
47,Protein,2.9723,Arg133Leu,run1,1,Arg133Leu_run1_complex_RMSF.dat,Protein,140
48,Protein,2.5648,Arg133Leu,run1,1,Arg133Leu_run1_complex_RMSF.dat,Protein,141
49,Protein,2.7398,Arg133Leu,run1,1,Arg133Leu_run1_complex_RMSF.dat,Protein,142
50,Protein,3.4264,Arg133Leu,run1,1,Arg133Leu_run1_complex_RMSF.dat,Protein,143
51,Protein,3.5796,Arg133Leu,run1,1,Arg133Leu_run1_complex_RMSF.dat,Protein,144
52,Protein,3.4595,Arg133Leu,run1,1,Arg133Leu_run1_complex_RMSF.dat,Protein,145
53,Protein,3.806,Arg133Leu,run1,1,Arg133Leu_run1_complex_RMSF.dat,Protein,146
54,Protein,3.6031,Arg133Leu,run1,1,Arg133Leu_run1_complex_RMSF.dat,Protein,147
55,Protein,4.0077,Arg133Leu,run1,1,Arg133Leu_run1_complex_RMSF.dat,Protein,148
56,Protein,3.9221,Arg133Leu,run1,1,Arg133Leu_run1_complex_RMSF.dat,Protein,149
57,Protein,3.0972,Arg133Leu,run1,1,Arg133Leu_run1_complex_RMSF.dat,Protein,150
58,Protein,3.2729,Arg133Leu,run1,1,Arg133Leu_run1_complex_RMSF.dat,Protein,151
59,Protein,2.9055,Arg133Leu,run1,1,Arg133Leu_run1_complex_RMSF.dat,Protein,152
60,Protein,3.3137,Arg133Leu,run1,1,Arg133Leu_run1_complex_RMSF.dat,Protein,153
61,Protein,2.9583,Arg133Leu,run1,1,Arg133Leu_run1_complex_RMSF.dat,Protein,154
62,Protein,2.1603,Arg133Leu,run1,1,Arg133Leu_run1_complex_RMSF.dat,Protein,155
63,Protein,2.2507,Arg133Leu,run1,1,Arg133Leu_run1_complex_RMSF.dat,Protein,156
64,Protein,1.7528,Arg133Leu,run1,1,Arg133Leu_run1_complex_RMSF.dat,Protein,157
65,Protein,2.3839,Arg133Leu,run1,1,Arg133Leu_run1_complex_RMSF.dat,Protein,158
66,Protein,2.9055,Arg133Leu,run1,1,Arg133Leu_run1_complex_RMSF.dat,Protein,159
67,Protein,3.3603,Arg133Leu,run1,1,Arg133Leu_run1_complex_RMSF.dat,Protein,160
68,Protein,3.883,Arg133Leu,run1,1,Arg133Leu_run1_complex_RMSF.dat,Protein,161
69,Protein,4.8524,Arg133Leu,run1,1,Arg133Leu_run1_complex_RMSF.dat,Protein,162
70,DNA,5.0211,Arg133Leu,run1,1,Arg133Leu_run1_complex_RMSF.dat,DNA,1
71,DNA,4.4451,Arg133Leu,run1,1,Arg133Leu_run1_complex_RMSF.dat,DNA,2
72,DNA,3.8198,Arg133Leu,run1,1,Arg133Leu_run1_complex_RMSF.dat,DNA,3
73,DNA,3.3652,Arg133Leu,run1,1,Arg133Leu_run1_complex_RMSF.dat,DNA,4
74,DNA,2.881,Arg133Leu,run1,1,Arg133Leu_run1_complex_RMSF.dat,DNA,5
75,DNA,2.4392,Arg133Leu,run1,1,Arg133Leu_run1_complex_RMSF.dat,DNA,6
76,DNA,2.2457,Arg133Leu,run1,1,Arg133Leu_run1_complex_RMSF.dat,DNA,7
77,DNA,2.1209,Arg133Leu,run1,1,Arg133Leu_run1_complex_RMSF.dat,DNA,8
78,DNA,1.8739,Arg133Leu,run1,1,Arg133Leu_run1_complex_RMSF.dat,DNA,9
79,DNA,1.9259,Arg133Leu,run1,1,Arg133Leu_run1_complex_RMSF.dat,DNA,10
80,DNA,2.166,Arg133Leu,run1,1,Arg133Leu_run1_complex_RMSF.dat,DNA,11
81,DNA,2.2362,Arg133Leu,run1,1,Arg133Leu_run1_complex_RMSF.dat,DNA,12
82,DNA,2.196,Arg133Leu,run1,1,Arg133Leu_run1_complex_RMSF.dat,DNA,13
83,DNA,2.1732,Arg133Leu,run1,1,Arg133Leu_run1_complex_RMSF.dat,DNA,14
84,DNA,2.2126,Arg133Leu,run1,1,Arg133Leu_run1_complex_RMSF.dat,DNA,15
85,DNA,2.3193,Arg133Leu,run1,1,Arg133Leu_run1_complex_RMSF.dat,DNA,16
86,DNA,2.4521,Arg133Leu,run1,1,Arg133Leu_run1_complex_RMSF.dat,DNA,17
87,DNA,2.6383,Arg133Leu,run1,1,Arg133Leu_run1_complex_RMSF.dat,DNA,18
88,DNA,2.9354,Arg133Leu,run1,1,Arg133Leu_run1_complex_RMSF.dat,DNA,19
89,DNA,3.5313,Arg133Leu,run1,1,Arg133Leu_run1_complex_RMSF.dat,DNA,20
90,DNA,5.6157,Arg133Leu,run1,1,Arg133Leu_run1_complex_RMSF.dat,DNA,21
91,DNA,4.4535,Arg133Leu,run1,1,Arg133Leu_run1_complex_RMSF.dat,DNA,22
92,DNA,3.5942,Arg133Leu,run1,1,Arg133Leu_run1_complex_RMSF.dat,DNA,23
93,DNA,2.8952,Arg133Leu,run1,1,Arg133Leu_run1_complex_RMSF.dat,DNA,24
94,DNA,2.4065,Arg133Leu,run1,1,Arg133Leu_run1_complex_RMSF.dat,DNA,25
95,DNA,2.1456,Arg133Leu,run1,1,Arg133Leu_run1_complex_RMSF.dat,DNA,26
96,DNA,2.0674,Arg133Leu,run1,1,Arg133Leu_run1_complex_RMSF.dat,DNA,27
97,DNA,1.9861,Arg133Leu,run1,1,Arg133Leu_run1_complex_RMSF.dat,DNA,28
98,DNA,1.8318,Arg133Leu,run1,1,Arg133Leu_run1_complex_RMSF.dat,DNA,29
99,DNA,1.8219,Arg133Leu,run1,1,Arg133Leu_run1_complex_RMSF.dat,DNA,30
100,DNA,1.9206,Arg133Leu,run1,1,Arg133Leu_run1_complex_RMSF.dat,DNA,31
101,DNA,1.9802,Arg133Leu,run1,1,Arg133Leu_run1_complex_RMSF.dat,DNA,32
102,DNA,2.1222,Arg133Leu,run1,1,Arg133Leu_run1_complex_RMSF.dat,DNA,33
103,DNA,2.2194,Arg133Leu,run1,1,Arg133Leu_run1_complex_RMSF.dat,DNA,34
104,DNA,2.3934,Arg133Leu,run1,1,Arg133Leu_run1_complex_RMSF.dat,DNA,35
105,DNA,2.3011,Arg133Leu,run1,1,Arg133Leu_run1_complex_RMSF.dat,DNA,36
106,DNA,2.264,Arg133Leu,run1,1,Arg133Leu_run1_complex_RMSF.dat,DNA,37
107,DNA,2.2327,Arg133Leu,run1,1,Arg133Leu_run1_complex_RMSF.dat,DNA,38
108,DNA,2.421,Arg133Leu,run1,1,Arg133Leu_run1_complex_RMSF.dat,DNA,39
109,DNA,3.0676,Arg133Leu,run1,1,Arg133Leu_run1_complex_RMSF.dat,DNA,40
1,Protein,1.455,Arg133Leu,run2,2,Arg133Leu_run2_complex_RMSF.dat,Protein,94
2,Protein,1.5394,Arg133Leu,run2,2,Arg133Leu_run2_complex_RMSF.dat,Protein,95
3,Protein,1.7096,Arg133Leu,run2,2,Arg133Leu_run2_complex_RMSF.dat,Protein,96
4,Protein,1.7022,Arg133Leu,run2,2,Arg133Leu_run2_complex_RMSF.dat,Protein,97
5,Protein,2.3143,Arg133Leu,run2,2,Arg133Leu_run2_complex_RMSF.dat,Protein,98
6,Protein,2.0936,Arg133Leu,run2,2,Arg133Leu_run2_complex_RMSF.dat,Protein,99
7,Protein,1.7679,Arg133Leu,run2,2,Arg133Leu_run2_complex_RMSF.dat,Protein,100
8,Protein,2.1685,Arg133Leu,run2,2,Arg133Leu_run2_complex_RMSF.dat,Protein,101
9,Protein,2.6333,Arg133Leu,run2,2,Arg133Leu_run2_complex_RMSF.dat,Protein,102
10,Protein,2.5816,Arg133Leu,run2,2,Arg133Leu_run2_complex_RMSF.dat,Protein,103
11,Protein,1.9675,Arg133Leu,run2,2,Arg133Leu_run2_complex_RMSF.dat,Protein,104
12,Protein,1.7777,Arg133Leu,run2,2,Arg133Leu_run2_complex_RMSF.dat,Protein,105
13,Protein,1.3816,Arg133Leu,run2,2,Arg133Leu_run2_complex_RMSF.dat,Protein,106
14,Protein,1.543,Arg133Leu,run2,2,Arg133Leu_run2_complex_RMSF.dat,Protein,107
15,Protein,1.4732,Arg133Leu,run2,2,Arg133Leu_run2_complex_RMSF.dat,Protein,108
16,Protein,1.9603,Arg133Leu,run2,2,Arg133Leu_run2_complex_RMSF.dat,Protein,109
17,Protein,2.0675,Arg133Leu,run2,2,Arg133Leu_run2_complex_RMSF.dat,Protein,110
18,Protein,2.6842,Arg133Leu,run2,2,Arg133Leu_run2_complex_RMSF.dat,Protein,111
19,Protein,3.4407,Arg133Leu,run2,2,Arg133Leu_run2_complex_RMSF.dat,Protein,112
20,Protein,3.8128,Arg133Leu,run2,2,Arg133Leu_run2_complex_RMSF.dat,Protein,113
21,Protein,4.7181,Arg133Leu,run2,2,Arg133Leu_run2_complex_RMSF.dat,Protein,114
22,Protein,5.3069,Arg133Leu,run2,2,Arg133Leu_run2_complex_RMSF.dat,Protein,115
23,Protein,4.5417,Arg133Leu,run2,2,Arg133Leu_run2_complex_RMSF.dat,Protein,116
24,Protein,3.8489,Arg133Leu,run2,2,Arg133Leu_run2_complex_RMSF.dat,Protein,117
25,Protein,2.8239,Arg133Leu,run2,2,Arg133Leu_run2_complex_RMSF.dat,Protein,118
26,Protein,2.2858,Arg133Leu,run2,2,Arg133Leu_run2_complex_RMSF.dat,Protein,119
27,Protein,1.7593,Arg133Leu,run2,2,Arg133Leu_run2_complex_RMSF.dat,Protein,120
28,Protein,1.712,Arg133Leu,run2,2,Arg133Leu_run2_complex_RMSF.dat,Protein,121
29,Protein,1.3137,Arg133Leu,run2,2,Arg133Leu_run2_complex_RMSF.dat,Protein,122
30,Protein,1.5171,Arg133Leu,run2,2,Arg133Leu_run2_complex_RMSF.dat,Protein,123
31,Protein,1.4638,Arg133Leu,run2,2,Arg133Leu_run2_complex_RMSF.dat,Protein,124
32,Protein,1.9539,Arg133Leu,run2,2,Arg133Leu_run2_complex_RMSF.dat,Protein,125
33,Protein,2.1927,Arg133Leu,run2,2,Arg133Leu_run2_complex_RMSF.dat,Protein,126
34,Protein,2.7038,Arg133Leu,run2,2,Arg133Leu_run2_complex_RMSF.dat,Protein,127
35,Protein,3.1425,Arg133Leu,run2,2,Arg133Leu_run2_complex_RMSF.dat,Protein,128
36,Protein,3.0105,Arg133Leu,run2,2,Arg133Leu_run2_complex_RMSF.dat,Protein,129
37,Protein,2.7966,Arg133Leu,run2,2,Arg133Leu_run2_complex_RMSF.dat,Protein,130
38,Protein,2.3446,Arg133Leu,run2,2,Arg133Leu_run2_complex_RMSF.dat,Protein,131
39,Protein,2.0562,Arg133Leu,run2,2,Arg133Leu_run2_complex_RMSF.dat,Protein,132
40,Protein,2.1335,Arg133Leu,run2,2,Arg133Leu_run2_complex_RMSF.dat,Protein,133
41,Protein,2.2092,Arg133Leu,run2,2,Arg133Leu_run2_complex_RMSF.dat,Protein,134
42,Protein,2.0118,Arg133Leu,run2,2,Arg133Leu_run2_complex_RMSF.dat,Protein,135
43,Protein,2.5492,Arg133Leu,run2,2,Arg133Leu_run2_complex_RMSF.dat,Protein,136
44,Protein,2.573,Arg133Leu,run2,2,Arg133Leu_run2_complex_RMSF.dat,Protein,137
45,Protein,2.0531,Arg133Leu,run2,2,Arg133Leu_run2_complex_RMSF.dat,Protein,138
46,Protein,2.3429,Arg133Leu,run2,2,Arg133Leu_run2_complex_RMSF.dat,Protein,139
47,Protein,2.8872,Arg133Leu,run2,2,Arg133Leu_run2_complex_RMSF.dat,Protein,140
48,Protein,2.6607,Arg133Leu,run2,2,Arg133Leu_run2_complex_RMSF.dat,Protein,141
49,Protein,2.4734,Arg133Leu,run2,2,Arg133Leu_run2_complex_RMSF.dat,Protein,142
50,Protein,3.0442,Arg133Leu,run2,2,Arg133Leu_run2_complex_RMSF.dat,Protein,143
51,Protein,3.4769,Arg133Leu,run2,2,Arg133Leu_run2_complex_RMSF.dat,Protein,144
52,Protein,3.4482,Arg133Leu,run2,2,Arg133Leu_run2_complex_RMSF.dat,Protein,145
53,Protein,4.0279,Arg133Leu,run2,2,Arg133Leu_run2_complex_RMSF.dat,Protein,146
54,Protein,3.4261,Arg133Leu,run2,2,Arg133Leu_run2_complex_RMSF.dat,Protein,147
55,Protein,2.8618,Arg133Leu,run2,2,Arg133Leu_run2_complex_RMSF.dat,Protein,148
56,Protein,2.7045,Arg133Leu,run2,2,Arg133Leu_run2_complex_RMSF.dat,Protein,149
57,Protein,2.1955,Arg133Leu,run2,2,Arg133Leu_run2_complex_RMSF.dat,Protein,150
58,Protein,2.2233,Arg133Leu,run2,2,Arg133Leu_run2_complex_RMSF.dat,Protein,151
59,Protein,1.9967,Arg133Leu,run2,2,Arg133Leu_run2_complex_RMSF.dat,Protein,152
60,Protein,2.3548,Arg133Leu,run2,2,Arg133Leu_run2_complex_RMSF.dat,Protein,153
61,Protein,2.0555,Arg133Leu,run2,2,Arg133Leu_run2_complex_RMSF.dat,Protein,154
62,Protein,1.278,Arg133Leu,run2,2,Arg133Leu_run2_complex_RMSF.dat,Protein,155
63,Protein,1.2321,Arg133Leu,run2,2,Arg133Leu_run2_complex_RMSF.dat,Protein,156
64,Protein,1.1276,Arg133Leu,run2,2,Arg133Leu_run2_complex_RMSF.dat,Protein,157
65,Protein,1.2976,Arg133Leu,run2,2,Arg133Leu_run2_complex_RMSF.dat,Protein,158
66,Protein,1.205,Arg133Leu,run2,2,Arg133Leu_run2_complex_RMSF.dat,Protein,159
67,Protein,1.4339,Arg133Leu,run2,2,Arg133Leu_run2_complex_RMSF.dat,Protein,160
68,Protein,1.6143,Arg133Leu,run2,2,Arg133Leu_run2_complex_RMSF.dat,Protein,161
69,Protein,1.9179,Arg133Leu,run2,2,Arg133Leu_run2_complex_RMSF.dat,Protein,162
70,DNA,6.1635,Arg133Leu,run2,2,Arg133Leu_run2_complex_RMSF.dat,DNA,1
71,DNA,4.8386,Arg133Leu,run2,2,Arg133Leu_run2_complex_RMSF.dat,DNA,2
72,DNA,4.181,Arg133Leu,run2,2,Arg133Leu_run2_complex_RMSF.dat,DNA,3
73,DNA,3.7223,Arg133Leu,run2,2,Arg133Leu_run2_complex_RMSF.dat,DNA,4
74,DNA,3.2946,Arg133Leu,run2,2,Arg133Leu_run2_complex_RMSF.dat,DNA,5
75,DNA,3.0387,Arg133Leu,run2,2,Arg133Leu_run2_complex_RMSF.dat,DNA,6
76,DNA,2.8717,Arg133Leu,run2,2,Arg133Leu_run2_complex_RMSF.dat,DNA,7
77,DNA,2.6436,Arg133Leu,run2,2,Arg133Leu_run2_complex_RMSF.dat,DNA,8
78,DNA,2.5699,Arg133Leu,run2,2,Arg133Leu_run2_complex_RMSF.dat,DNA,9
79,DNA,2.4529,Arg133Leu,run2,2,Arg133Leu_run2_complex_RMSF.dat,DNA,10
80,DNA,2.2421,Arg133Leu,run2,2,Arg133Leu_run2_complex_RMSF.dat,DNA,11
81,DNA,1.9267,Arg133Leu,run2,2,Arg133Leu_run2_complex_RMSF.dat,DNA,12
82,DNA,1.6855,Arg133Leu,run2,2,Arg133Leu_run2_complex_RMSF.dat,DNA,13
83,DNA,1.5938,Arg133Leu,run2,2,Arg133Leu_run2_complex_RMSF.dat,DNA,14
84,DNA,1.5541,Arg133Leu,run2,2,Arg133Leu_run2_complex_RMSF.dat,DNA,15
85,DNA,1.6961,Arg133Leu,run2,2,Arg133Leu_run2_complex_RMSF.dat,DNA,16
86,DNA,1.9559,Arg133Leu,run2,2,Arg133Leu_run2_complex_RMSF.dat,DNA,17
87,DNA,2.2123,Arg133Leu,run2,2,Arg133Leu_run2_complex_RMSF.dat,DNA,18
88,DNA,2.5746,Arg133Leu,run2,2,Arg133Leu_run2_complex_RMSF.dat,DNA,19
89,DNA,3.2406,Arg133Leu,run2,2,Arg133Leu_run2_complex_RMSF.dat,DNA,20
90,DNA,5.0854,Arg133Leu,run2,2,Arg133Leu_run2_complex_RMSF.dat,DNA,21
91,DNA,3.8944,Arg133Leu,run2,2,Arg133Leu_run2_complex_RMSF.dat,DNA,22
92,DNA,3.1749,Arg133Leu,run2,2,Arg133Leu_run2_complex_RMSF.dat,DNA,23
93,DNA,2.6145,Arg133Leu,run2,2,Arg133Leu_run2_complex_RMSF.dat,DNA,24
94,DNA,2.2187,Arg133Leu,run2,2,Arg133Leu_run2_complex_RMSF.dat,DNA,25
95,DNA,1.979,Arg133Leu,run2,2,Arg133Leu_run2_complex_RMSF.dat,DNA,26
96,DNA,1.8713,Arg133Leu,run2,2,Arg133Leu_run2_complex_RMSF.dat,DNA,27
97,DNA,1.8347,Arg133Leu,run2,2,Arg133Leu_run2_complex_RMSF.dat,DNA,28
98,DNA,1.808,Arg133Leu,run2,2,Arg133Leu_run2_complex_RMSF.dat,DNA,29
99,DNA,1.7491,Arg133Leu,run2,2,Arg133Leu_run2_complex_RMSF.dat,DNA,30
100,DNA,1.5725,Arg133Leu,run2,2,Arg133Leu_run2_complex_RMSF.dat,DNA,31
101,DNA,1.7448,Arg133Leu,run2,2,Arg133Leu_run2_complex_RMSF.dat,DNA,32
102,DNA,1.9801,Arg133Leu,run2,2,Arg133Leu_run2_complex_RMSF.dat,DNA,33
103,DNA,2.1469,Arg133Leu,run2,2,Arg133Leu_run2_complex_RMSF.dat,DNA,34
104,DNA,2.1607,Arg133Leu,run2,2,Arg133Leu_run2_complex_RMSF.dat,DNA,35
105,DNA,2.3014,Arg133Leu,run2,2,Arg133Leu_run2_complex_RMSF.dat,DNA,36
106,DNA,2.6465,Arg133Leu,run2,2,Arg133Leu_run2_complex_RMSF.dat,DNA,37
107,DNA,3.1294,Arg133Leu,run2,2,Arg133Leu_run2_complex_RMSF.dat,DNA,38
108,DNA,3.7233,Arg133Leu,run2,2,Arg133Leu_run2_complex_RMSF.dat,DNA,39
109,DNA,4.4787,Arg133Leu,run2,2,Arg133Leu_run2_complex_RMSF.dat,DNA,40
1,Protein,1.5158,Arg133Leu,run3,3,Arg133Leu_run3_complex_RMSF.dat,Protein,94
2,Protein,1.4812,Arg133Leu,run3,3,Arg133Leu_run3_complex_RMSF.dat,Protein,95
3,Protein,1.5107,Arg133Leu,run3,3,Arg133Leu_run3_complex_RMSF.dat,Protein,96
4,Protein,1.5098,Arg133Leu,run3,3,Arg133Leu_run3_complex_RMSF.dat,Protein,97
5,Protein,1.9547,Arg133Leu,run3,3,Arg133Leu_run3_complex_RMSF.dat,Protein,98
6,Protein,1.8337,Arg133Leu,run3,3,Arg133Leu_run3_complex_RMSF.dat,Protein,99
7,Protein,1.5573,Arg133Leu,run3,3,Arg133Leu_run3_complex_RMSF.dat,Protein,100
8,Protein,1.8288,Arg133Leu,run3,3,Arg133Leu_run3_complex_RMSF.dat,Protein,101
9,Protein,2.062,Arg133Leu,run3,3,Arg133Leu_run3_complex_RMSF.dat,Protein,102
10,Protein,1.9429,Arg133Leu,run3,3,Arg133Leu_run3_complex_RMSF.dat,Protein,103
11,Protein,1.5329,Arg133Leu,run3,3,Arg133Leu_run3_complex_RMSF.dat,Protein,104
12,Protein,1.3299,Arg133Leu,run3,3,Arg133Leu_run3_complex_RMSF.dat,Protein,105
13,Protein,1.1061,Arg133Leu,run3,3,Arg133Leu_run3_complex_RMSF.dat,Protein,106
14,Protein,1.1777,Arg133Leu,run3,3,Arg133Leu_run3_complex_RMSF.dat,Protein,107
15,Protein,1.166,Arg133Leu,run3,3,Arg133Leu_run3_complex_RMSF.dat,Protein,108
16,Protein,1.233,Arg133Leu,run3,3,Arg133Leu_run3_complex_RMSF.dat,Protein,109
17,Protein,1.2829,Arg133Leu,run3,3,Arg133Leu_run3_complex_RMSF.dat,Protein,110
18,Protein,1.2576,Arg133Leu,run3,3,Arg133Leu_run3_complex_RMSF.dat,Protein,111
19,Protein,1.606,Arg133Leu,run3,3,Arg133Leu_run3_complex_RMSF.dat,Protein,112
20,Protein,1.6249,Arg133Leu,run3,3,Arg133Leu_run3_complex_RMSF.dat,Protein,113
21,Protein,1.6536,Arg133Leu,run3,3,Arg133Leu_run3_complex_RMSF.dat,Protein,114
22,Protein,1.6973,Arg133Leu,run3,3,Arg133Leu_run3_complex_RMSF.dat,Protein,115
23,Protein,1.3985,Arg133Leu,run3,3,Arg133Leu_run3_complex_RMSF.dat,Protein,116
24,Protein,1.4831,Arg133Leu,run3,3,Arg133Leu_run3_complex_RMSF.dat,Protein,117
25,Protein,1.5744,Arg133Leu,run3,3,Arg133Leu_run3_complex_RMSF.dat,Protein,118
26,Protein,1.3777,Arg133Leu,run3,3,Arg133Leu_run3_complex_RMSF.dat,Protein,119
27,Protein,1.2229,Arg133Leu,run3,3,Arg133Leu_run3_complex_RMSF.dat,Protein,120
28,Protein,1.1911,Arg133Leu,run3,3,Arg133Leu_run3_complex_RMSF.dat,Protein,121
29,Protein,1.1041,Arg133Leu,run3,3,Arg133Leu_run3_complex_RMSF.dat,Protein,122
30,Protein,1.1191,Arg133Leu,run3,3,Arg133Leu_run3_complex_RMSF.dat,Protein,123
31,Protein,1.1894,Arg133Leu,run3,3,Arg133Leu_run3_complex_RMSF.dat,Protein,124
32,Protein,1.4564,Arg133Leu,run3,3,Arg133Leu_run3_complex_RMSF.dat,Protein,125
33,Protein,1.7029,Arg133Leu,run3,3,Arg133Leu_run3_complex_RMSF.dat,Protein,126
34,Protein,2.0371,Arg133Leu,run3,3,Arg133Leu_run3_complex_RMSF.dat,Protein,127
35,Protein,2.3478,Arg133Leu,run3,3,Arg133Leu_run3_complex_RMSF.dat,Protein,128
36,Protein,2.1264,Arg133Leu,run3,3,Arg133Leu_run3_complex_RMSF.dat,Protein,129
37,Protein,2.0531,Arg133Leu,run3,3,Arg133Leu_run3_complex_RMSF.dat,Protein,130
38,Protein,1.7208,Arg133Leu,run3,3,Arg133Leu_run3_complex_RMSF.dat,Protein,131
39,Protein,1.6197,Arg133Leu,run3,3,Arg133Leu_run3_complex_RMSF.dat,Protein,132
40,Protein,1.8066,Arg133Leu,run3,3,Arg133Leu_run3_complex_RMSF.dat,Protein,133
41,Protein,1.8557,Arg133Leu,run3,3,Arg133Leu_run3_complex_RMSF.dat,Protein,134
42,Protein,1.7509,Arg133Leu,run3,3,Arg133Leu_run3_complex_RMSF.dat,Protein,135
43,Protein,2.1093,Arg133Leu,run3,3,Arg133Leu_run3_complex_RMSF.dat,Protein,136
44,Protein,2.0828,Arg133Leu,run3,3,Arg133Leu_run3_complex_RMSF.dat,Protein,137
45,Protein,1.7152,Arg133Leu,run3,3,Arg133Leu_run3_complex_RMSF.dat,Protein,138
46,Protein,2.0494,Arg133Leu,run3,3,Arg133Leu_run3_complex_RMSF.dat,Protein,139
47,Protein,2.41,Arg133Leu,run3,3,Arg133Leu_run3_complex_RMSF.dat,Protein,140
48,Protein,2.2387,Arg133Leu,run3,3,Arg133Leu_run3_complex_RMSF.dat,Protein,141
49,Protein,2.2378,Arg133Leu,run3,3,Arg133Leu_run3_complex_RMSF.dat,Protein,142
50,Protein,2.732,Arg133Leu,run3,3,Arg133Leu_run3_complex_RMSF.dat,Protein,143
51,Protein,3.0831,Arg133Leu,run3,3,Arg133Leu_run3_complex_RMSF.dat,Protein,144
52,Protein,3.0374,Arg133Leu,run3,3,Arg133Leu_run3_complex_RMSF.dat,Protein,145
53,Protein,3.234,Arg133Leu,run3,3,Arg133Leu_run3_complex_RMSF.dat,Protein,146
54,Protein,3.4143,Arg133Leu,run3,3,Arg133Leu_run3_complex_RMSF.dat,Protein,147
55,Protein,3.4545,Arg133Leu,run3,3,Arg133Leu_run3_complex_RMSF.dat,Protein,148
56,Protein,3.0353,Arg133Leu,run3,3,Arg133Leu_run3_complex_RMSF.dat,Protein,149
57,Protein,2.3611,Arg133Leu,run3,3,Arg133Leu_run3_complex_RMSF.dat,Protein,150
58,Protein,2.3319,Arg133Leu,run3,3,Arg133Leu_run3_complex_RMSF.dat,Protein,151
59,Protein,2.196,Arg133Leu,run3,3,Arg133Leu_run3_complex_RMSF.dat,Protein,152
60,Protein,2.5209,Arg133Leu,run3,3,Arg133Leu_run3_complex_RMSF.dat,Protein,153
61,Protein,2.1298,Arg133Leu,run3,3,Arg133Leu_run3_complex_RMSF.dat,Protein,154
62,Protein,1.3833,Arg133Leu,run3,3,Arg133Leu_run3_complex_RMSF.dat,Protein,155
63,Protein,1.3198,Arg133Leu,run3,3,Arg133Leu_run3_complex_RMSF.dat,Protein,156
64,Protein,1.1343,Arg133Leu,run3,3,Arg133Leu_run3_complex_RMSF.dat,Protein,157
65,Protein,1.2472,Arg133Leu,run3,3,Arg133Leu_run3_complex_RMSF.dat,Protein,158
66,Protein,1.2195,Arg133Leu,run3,3,Arg133Leu_run3_complex_RMSF.dat,Protein,159
67,Protein,1.5444,Arg133Leu,run3,3,Arg133Leu_run3_complex_RMSF.dat,Protein,160
68,Protein,1.8078,Arg133Leu,run3,3,Arg133Leu_run3_complex_RMSF.dat,Protein,161
69,Protein,2.2719,Arg133Leu,run3,3,Arg133Leu_run3_complex_RMSF.dat,Protein,162
70,DNA,5.5978,Arg133Leu,run3,3,Arg133Leu_run3_complex_RMSF.dat,DNA,1
71,DNA,4.5493,Arg133Leu,run3,3,Arg133Leu_run3_complex_RMSF.dat,DNA,2
72,DNA,3.8425,Arg133Leu,run3,3,Arg133Leu_run3_complex_RMSF.dat,DNA,3
73,DNA,3.3171,Arg133Leu,run3,3,Arg133Leu_run3_complex_RMSF.dat,DNA,4
74,DNA,2.7549,Arg133Leu,run3,3,Arg133Leu_run3_complex_RMSF.dat,DNA,5
75,DNA,2.2427,Arg133Leu,run3,3,Arg133Leu_run3_complex_RMSF.dat,DNA,6
76,DNA,1.8798,Arg133Leu,run3,3,Arg133Leu_run3_complex_RMSF.dat,DNA,7
77,DNA,1.7012,Arg133Leu,run3,3,Arg133Leu_run3_complex_RMSF.dat,DNA,8
78,DNA,1.5888,Arg133Leu,run3,3,Arg133Leu_run3_complex_RMSF.dat,DNA,9
79,DNA,1.9183,Arg133Leu,run3,3,Arg133Leu_run3_complex_RMSF.dat,DNA,10
80,DNA,2.0716,Arg133Leu,run3,3,Arg133Leu_run3_complex_RMSF.dat,DNA,11
81,DNA,2.0971,Arg133Leu,run3,3,Arg133Leu_run3_complex_RMSF.dat,DNA,12
82,DNA,2.0381,Arg133Leu,run3,3,Arg133Leu_run3_complex_RMSF.dat,DNA,13
83,DNA,1.8987,Arg133Leu,run3,3,Arg133Leu_run3_complex_RMSF.dat,DNA,14
84,DNA,1.8153,Arg133Leu,run3,3,Arg133Leu_run3_complex_RMSF.dat,DNA,15
85,DNA,1.842,Arg133Leu,run3,3,Arg133Leu_run3_complex_RMSF.dat,DNA,16
86,DNA,1.9101,Arg133Leu,run3,3,Arg133Leu_run3_complex_RMSF.dat,DNA,17
87,DNA,2.1995,Arg133Leu,run3,3,Arg133Leu_run3_complex_RMSF.dat,DNA,18
88,DNA,2.78,Arg133Leu,run3,3,Arg133Leu_run3_complex_RMSF.dat,DNA,19
89,DNA,3.7525,Arg133Leu,run3,3,Arg133Leu_run3_complex_RMSF.dat,DNA,20
90,DNA,6.1046,Arg133Leu,run3,3,Arg133Leu_run3_complex_RMSF.dat,DNA,21
91,DNA,4.5112,Arg133Leu,run3,3,Arg133Leu_run3_complex_RMSF.dat,DNA,22
92,DNA,3.4293,Arg133Leu,run3,3,Arg133Leu_run3_complex_RMSF.dat,DNA,23
93,DNA,2.7295,Arg133Leu,run3,3,Arg133Leu_run3_complex_RMSF.dat,DNA,24
94,DNA,2.3652,Arg133Leu,run3,3,Arg133Leu_run3_complex_RMSF.dat,DNA,25
95,DNA,2.1523,Arg133Leu,run3,3,Arg133Leu_run3_complex_RMSF.dat,DNA,26
96,DNA,2.0469,Arg133Leu,run3,3,Arg133Leu_run3_complex_RMSF.dat,DNA,27
97,DNA,1.951,Arg133Leu,run3,3,Arg133Leu_run3_complex_RMSF.dat,DNA,28
98,DNA,1.7851,Arg133Leu,run3,3,Arg133Leu_run3_complex_RMSF.dat,DNA,29
99,DNA,1.6253,Arg133Leu,run3,3,Arg133Leu_run3_complex_RMSF.dat,DNA,30
100,DNA,1.6675,Arg133Leu,run3,3,Arg133Leu_run3_complex_RMSF.dat,DNA,31
101,DNA,1.8153,Arg133Leu,run3,3,Arg133Leu_run3_complex_RMSF.dat,DNA,32
102,DNA,1.931,Arg133Leu,run3,3,Arg133Leu_run3_complex_RMSF.dat,DNA,33
103,DNA,2.0035,Arg133Leu,run3,3,Arg133Leu_run3_complex_RMSF.dat,DNA,34
104,DNA,1.9905,Arg133Leu,run3,3,Arg133Leu_run3_complex_RMSF.dat,DNA,35
105,DNA,1.9614,Arg133Leu,run3,3,Arg133Leu_run3_complex_RMSF.dat,DNA,36
106,DNA,2.0098,Arg133Leu,run3,3,Arg133Leu_run3_complex_RMSF.dat,DNA,37
107,DNA,2.1601,Arg133Leu,run3,3,Arg133Leu_run3_complex_RMSF.dat,DNA,38
108,DNA,2.5003,Arg133Leu,run3,3,Arg133Leu_run3_complex_RMSF.dat,DNA,39
109,DNA,3.1758,Arg133Leu,run3,3,Arg133Leu_run3_complex_RMSF.dat,DNA,40
1,Protein,1.4509,Glu143Lys,run1,1,Glu143Lys_run1_complex_RMSF.dat,Protein,94
2,Protein,1.3463,Glu143Lys,run1,1,Glu143Lys_run1_complex_RMSF.dat,Protein,95
3,Protein,1.4556,Glu143Lys,run1,1,Glu143Lys_run1_complex_RMSF.dat,Protein,96
4,Protein,1.5161,Glu143Lys,run1,1,Glu143Lys_run1_complex_RMSF.dat,Protein,97
5,Protein,1.9084,Glu143Lys,run1,1,Glu143Lys_run1_complex_RMSF.dat,Protein,98
6,Protein,1.8798,Glu143Lys,run1,1,Glu143Lys_run1_complex_RMSF.dat,Protein,99
7,Protein,1.5225,Glu143Lys,run1,1,Glu143Lys_run1_complex_RMSF.dat,Protein,100
8,Protein,1.686,Glu143Lys,run1,1,Glu143Lys_run1_complex_RMSF.dat,Protein,101
9,Protein,1.8895,Glu143Lys,run1,1,Glu143Lys_run1_complex_RMSF.dat,Protein,102
10,Protein,1.6675,Glu143Lys,run1,1,Glu143Lys_run1_complex_RMSF.dat,Protein,103
11,Protein,1.2527,Glu143Lys,run1,1,Glu143Lys_run1_complex_RMSF.dat,Protein,104
12,Protein,1.1402,Glu143Lys,run1,1,Glu143Lys_run1_complex_RMSF.dat,Protein,105
13,Protein,0.9542,Glu143Lys,run1,1,Glu143Lys_run1_complex_RMSF.dat,Protein,106
14,Protein,0.9958,Glu143Lys,run1,1,Glu143Lys_run1_complex_RMSF.dat,Protein,107
15,Protein,0.9949,Glu143Lys,run1,1,Glu143Lys_run1_complex_RMSF.dat,Protein,108
16,Protein,1.1111,Glu143Lys,run1,1,Glu143Lys_run1_complex_RMSF.dat,Protein,109
17,Protein,1.2427,Glu143Lys,run1,1,Glu143Lys_run1_complex_RMSF.dat,Protein,110
18,Protein,1.2329,Glu143Lys,run1,1,Glu143Lys_run1_complex_RMSF.dat,Protein,111
19,Protein,1.579,Glu143Lys,run1,1,Glu143Lys_run1_complex_RMSF.dat,Protein,112
20,Protein,1.705,Glu143Lys,run1,1,Glu143Lys_run1_complex_RMSF.dat,Protein,113
21,Protein,2.3466,Glu143Lys,run1,1,Glu143Lys_run1_complex_RMSF.dat,Protein,114
22,Protein,1.8902,Glu143Lys,run1,1,Glu143Lys_run1_complex_RMSF.dat,Protein,115
23,Protein,1.6169,Glu143Lys,run1,1,Glu143Lys_run1_complex_RMSF.dat,Protein,116
24,Protein,2.1971,Glu143Lys,run1,1,Glu143Lys_run1_complex_RMSF.dat,Protein,117
25,Protein,1.804,Glu143Lys,run1,1,Glu143Lys_run1_complex_RMSF.dat,Protein,118
26,Protein,1.4069,Glu143Lys,run1,1,Glu143Lys_run1_complex_RMSF.dat,Protein,119
27,Protein,1.1567,Glu143Lys,run1,1,Glu143Lys_run1_complex_RMSF.dat,Protein,120
28,Protein,0.9202,Glu143Lys,run1,1,Glu143Lys_run1_complex_RMSF.dat,Protein,121
29,Protein,0.8506,Glu143Lys,run1,1,Glu143Lys_run1_complex_RMSF.dat,Protein,122
30,Protein,0.7776,Glu143Lys,run1,1,Glu143Lys_run1_complex_RMSF.dat,Protein,123
31,Protein,0.8289,Glu143Lys,run1,1,Glu143Lys_run1_complex_RMSF.dat,Protein,124
32,Protein,1.0141,Glu143Lys,run1,1,Glu143Lys_run1_complex_RMSF.dat,Protein,125
33,Protein,1.2071,Glu143Lys,run1,1,Glu143Lys_run1_complex_RMSF.dat,Protein,126
34,Protein,1.5766,Glu143Lys,run1,1,Glu143Lys_run1_complex_RMSF.dat,Protein,127
35,Protein,1.7986,Glu143Lys,run1,1,Glu143Lys_run1_complex_RMSF.dat,Protein,128
36,Protein,1.6077,Glu143Lys,run1,1,Glu143Lys_run1_complex_RMSF.dat,Protein,129
37,Protein,1.4232,Glu143Lys,run1,1,Glu143Lys_run1_complex_RMSF.dat,Protein,130
38,Protein,1.1058,Glu143Lys,run1,1,Glu143Lys_run1_complex_RMSF.dat,Protein,131
39,Protein,0.9329,Glu143Lys,run1,1,Glu143Lys_run1_complex_RMSF.dat,Protein,132
40,Protein,1.1277,Glu143Lys,run1,1,Glu143Lys_run1_complex_RMSF.dat,Protein,133
41,Protein,1.4789,Glu143Lys,run1,1,Glu143Lys_run1_complex_RMSF.dat,Protein,134
42,Protein,1.4818,Glu143Lys,run1,1,Glu143Lys_run1_complex_RMSF.dat,Protein,135
43,Protein,1.8079,Glu143Lys,run1,1,Glu143Lys_run1_complex_RMSF.dat,Protein,136
44,Protein,1.651,Glu143Lys,run1,1,Glu143Lys_run1_complex_RMSF.dat,Protein,137
45,Protein,1.3583,Glu143Lys,run1,1,Glu143Lys_run1_complex_RMSF.dat,Protein,138
46,Protein,1.8099,Glu143Lys,run1,1,Glu143Lys_run1_complex_RMSF.dat,Protein,139
47,Protein,2.0006,Glu143Lys,run1,1,Glu143Lys_run1_complex_RMSF.dat,Protein,140
48,Protein,1.7347,Glu143Lys,run1,1,Glu143Lys_run1_complex_RMSF.dat,Protein,141
49,Protein,2.0171,Glu143Lys,run1,1,Glu143Lys_run1_complex_RMSF.dat,Protein,142
50,Protein,2.4815,Glu143Lys,run1,1,Glu143Lys_run1_complex_RMSF.dat,Protein,143
51,Protein,2.491,Glu143Lys,run1,1,Glu143Lys_run1_complex_RMSF.dat,Protein,144
52,Protein,2.7098,Glu143Lys,run1,1,Glu143Lys_run1_complex_RMSF.dat,Protein,145
53,Protein,3.0446,Glu143Lys,run1,1,Glu143Lys_run1_complex_RMSF.dat,Protein,146
54,Protein,3.1252,Glu143Lys,run1,1,Glu143Lys_run1_complex_RMSF.dat,Protein,147
55,Protein,3.1276,Glu143Lys,run1,1,Glu143Lys_run1_complex_RMSF.dat,Protein,148
56,Protein,3.218,Glu143Lys,run1,1,Glu143Lys_run1_complex_RMSF.dat,Protein,149
57,Protein,2.373,Glu143Lys,run1,1,Glu143Lys_run1_complex_RMSF.dat,Protein,150
58,Protein,2.2932,Glu143Lys,run1,1,Glu143Lys_run1_complex_RMSF.dat,Protein,151
59,Protein,1.9569,Glu143Lys,run1,1,Glu143Lys_run1_complex_RMSF.dat,Protein,152
60,Protein,2.2911,Glu143Lys,run1,1,Glu143Lys_run1_complex_RMSF.dat,Protein,153
61,Protein,1.941,Glu143Lys,run1,1,Glu143Lys_run1_complex_RMSF.dat,Protein,154
62,Protein,1.443,Glu143Lys,run1,1,Glu143Lys_run1_complex_RMSF.dat,Protein,155
63,Protein,1.4631,Glu143Lys,run1,1,Glu143Lys_run1_complex_RMSF.dat,Protein,156
64,Protein,1.1334,Glu143Lys,run1,1,Glu143Lys_run1_complex_RMSF.dat,Protein,157
65,Protein,1.2746,Glu143Lys,run1,1,Glu143Lys_run1_complex_RMSF.dat,Protein,158
66,Protein,1.2976,Glu143Lys,run1,1,Glu143Lys_run1_complex_RMSF.dat,Protein,159
67,Protein,1.644,Glu143Lys,run1,1,Glu143Lys_run1_complex_RMSF.dat,Protein,160
68,Protein,2.3002,Glu143Lys,run1,1,Glu143Lys_run1_complex_RMSF.dat,Protein,161
69,Protein,3.5585,Glu143Lys,run1,1,Glu143Lys_run1_complex_RMSF.dat,Protein,162
70,DNA,5.9699,Glu143Lys,run1,1,Glu143Lys_run1_complex_RMSF.dat,DNA,1
71,DNA,4.3625,Glu143Lys,run1,1,Glu143Lys_run1_complex_RMSF.dat,DNA,2
72,DNA,3.5194,Glu143Lys,run1,1,Glu143Lys_run1_complex_RMSF.dat,DNA,3
73,DNA,2.9037,Glu143Lys,run1,1,Glu143Lys_run1_complex_RMSF.dat,DNA,4
74,DNA,2.3344,Glu143Lys,run1,1,Glu143Lys_run1_complex_RMSF.dat,DNA,5
75,DNA,1.9397,Glu143Lys,run1,1,Glu143Lys_run1_complex_RMSF.dat,DNA,6
76,DNA,1.705,Glu143Lys,run1,1,Glu143Lys_run1_complex_RMSF.dat,DNA,7
77,DNA,1.7184,Glu143Lys,run1,1,Glu143Lys_run1_complex_RMSF.dat,DNA,8
78,DNA,1.6163,Glu143Lys,run1,1,Glu143Lys_run1_complex_RMSF.dat,DNA,9
79,DNA,1.6069,Glu143Lys,run1,1,Glu143Lys_run1_complex_RMSF.dat,DNA,10
80,DNA,1.7344,Glu143Lys,run1,1,Glu143Lys_run1_complex_RMSF.dat,DNA,11
81,DNA,1.8247,Glu143Lys,run1,1,Glu143Lys_run1_complex_RMSF.dat,DNA,12
82,DNA,1.8498,Glu143Lys,run1,1,Glu143Lys_run1_complex_RMSF.dat,DNA,13
83,DNA,1.8748,Glu143Lys,run1,1,Glu143Lys_run1_complex_RMSF.dat,DNA,14
84,DNA,1.8028,Glu143Lys,run1,1,Glu143Lys_run1_complex_RMSF.dat,DNA,15
85,DNA,1.7639,Glu143Lys,run1,1,Glu143Lys_run1_complex_RMSF.dat,DNA,16
86,DNA,1.8863,Glu143Lys,run1,1,Glu143Lys_run1_complex_RMSF.dat,DNA,17
87,DNA,2.2429,Glu143Lys,run1,1,Glu143Lys_run1_complex_RMSF.dat,DNA,18
88,DNA,2.8711,Glu143Lys,run1,1,Glu143Lys_run1_complex_RMSF.dat,DNA,19
89,DNA,4.1677,Glu143Lys,run1,1,Glu143Lys_run1_complex_RMSF.dat,DNA,20
90,DNA,7.9922,Glu143Lys,run1,1,Glu143Lys_run1_complex_RMSF.dat,DNA,21
91,DNA,4.9697,Glu143Lys,run1,1,Glu143Lys_run1_complex_RMSF.dat,DNA,22
92,DNA,3.4174,Glu143Lys,run1,1,Glu143Lys_run1_complex_RMSF.dat,DNA,23
93,DNA,2.8089,Glu143Lys,run1,1,Glu143Lys_run1_complex_RMSF.dat,DNA,24
94,DNA,2.3818,Glu143Lys,run1,1,Glu143Lys_run1_complex_RMSF.dat,DNA,25
95,DNA,2.0929,Glu143Lys,run1,1,Glu143Lys_run1_complex_RMSF.dat,DNA,26
96,DNA,1.9192,Glu143Lys,run1,1,Glu143Lys_run1_complex_RMSF.dat,DNA,27
97,DNA,1.8606,Glu143Lys,run1,1,Glu143Lys_run1_complex_RMSF.dat,DNA,28
98,DNA,1.787,Glu143Lys,run1,1,Glu143Lys_run1_complex_RMSF.dat,DNA,29
99,DNA,1.6672,Glu143Lys,run1,1,Glu143Lys_run1_complex_RMSF.dat,DNA,30
100,DNA,1.595,Glu143Lys,run1,1,Glu143Lys_run1_complex_RMSF.dat,DNA,31
101,DNA,1.6023,Glu143Lys,run1,1,Glu143Lys_run1_complex_RMSF.dat,DNA,32
102,DNA,1.4406,Glu143Lys,run1,1,Glu143Lys_run1_complex_RMSF.dat,DNA,33
103,DNA,1.5002,Glu143Lys,run1,1,Glu143Lys_run1_complex_RMSF.dat,DNA,34
104,DNA,1.6089,Glu143Lys,run1,1,Glu143Lys_run1_complex_RMSF.dat,DNA,35
105,DNA,1.7393,Glu143Lys,run1,1,Glu143Lys_run1_complex_RMSF.dat,DNA,36
106,DNA,1.9008,Glu143Lys,run1,1,Glu143Lys_run1_complex_RMSF.dat,DNA,37
107,DNA,2.1563,Glu143Lys,run1,1,Glu143Lys_run1_complex_RMSF.dat,DNA,38
108,DNA,2.4941,Glu143Lys,run1,1,Glu143Lys_run1_complex_RMSF.dat,DNA,39
109,DNA,3.1284,Glu143Lys,run1,1,Glu143Lys_run1_complex_RMSF.dat,DNA,40
1,Protein,1.4918,Glu143Lys,run2,2,Glu143Lys_run2_complex_RMSF.dat,Protein,94
2,Protein,1.4101,Glu143Lys,run2,2,Glu143Lys_run2_complex_RMSF.dat,Protein,95
3,Protein,1.5551,Glu143Lys,run2,2,Glu143Lys_run2_complex_RMSF.dat,Protein,96
4,Protein,1.5928,Glu143Lys,run2,2,Glu143Lys_run2_complex_RMSF.dat,Protein,97
5,Protein,2.0478,Glu143Lys,run2,2,Glu143Lys_run2_complex_RMSF.dat,Protein,98
6,Protein,2.008,Glu143Lys,run2,2,Glu143Lys_run2_complex_RMSF.dat,Protein,99
7,Protein,1.5859,Glu143Lys,run2,2,Glu143Lys_run2_complex_RMSF.dat,Protein,100
8,Protein,1.6821,Glu143Lys,run2,2,Glu143Lys_run2_complex_RMSF.dat,Protein,101
9,Protein,1.8291,Glu143Lys,run2,2,Glu143Lys_run2_complex_RMSF.dat,Protein,102
10,Protein,1.6698,Glu143Lys,run2,2,Glu143Lys_run2_complex_RMSF.dat,Protein,103
11,Protein,1.2878,Glu143Lys,run2,2,Glu143Lys_run2_complex_RMSF.dat,Protein,104
12,Protein,1.2239,Glu143Lys,run2,2,Glu143Lys_run2_complex_RMSF.dat,Protein,105
13,Protein,1.0311,Glu143Lys,run2,2,Glu143Lys_run2_complex_RMSF.dat,Protein,106
14,Protein,1.0285,Glu143Lys,run2,2,Glu143Lys_run2_complex_RMSF.dat,Protein,107
15,Protein,0.9997,Glu143Lys,run2,2,Glu143Lys_run2_complex_RMSF.dat,Protein,108
16,Protein,1.0816,Glu143Lys,run2,2,Glu143Lys_run2_complex_RMSF.dat,Protein,109
17,Protein,1.1977,Glu143Lys,run2,2,Glu143Lys_run2_complex_RMSF.dat,Protein,110
18,Protein,1.2681,Glu143Lys,run2,2,Glu143Lys_run2_complex_RMSF.dat,Protein,111
19,Protein,1.7525,Glu143Lys,run2,2,Glu143Lys_run2_complex_RMSF.dat,Protein,112
20,Protein,1.9337,Glu143Lys,run2,2,Glu143Lys_run2_complex_RMSF.dat,Protein,113
21,Protein,1.6975,Glu143Lys,run2,2,Glu143Lys_run2_complex_RMSF.dat,Protein,114
22,Protein,1.8386,Glu143Lys,run2,2,Glu143Lys_run2_complex_RMSF.dat,Protein,115
23,Protein,1.4912,Glu143Lys,run2,2,Glu143Lys_run2_complex_RMSF.dat,Protein,116
24,Protein,1.5591,Glu143Lys,run2,2,Glu143Lys_run2_complex_RMSF.dat,Protein,117
25,Protein,1.6312,Glu143Lys,run2,2,Glu143Lys_run2_complex_RMSF.dat,Protein,118
26,Protein,1.3618,Glu143Lys,run2,2,Glu143Lys_run2_complex_RMSF.dat,Protein,119
27,Protein,1.1071,Glu143Lys,run2,2,Glu143Lys_run2_complex_RMSF.dat,Protein,120
28,Protein,0.9019,Glu143Lys,run2,2,Glu143Lys_run2_complex_RMSF.dat,Protein,121
29,Protein,0.8533,Glu143Lys,run2,2,Glu143Lys_run2_complex_RMSF.dat,Protein,122
30,Protein,0.786,Glu143Lys,run2,2,Glu143Lys_run2_complex_RMSF.dat,Protein,123
31,Protein,0.9055,Glu143Lys,run2,2,Glu143Lys_run2_complex_RMSF.dat,Protein,124
32,Protein,1.0428,Glu143Lys,run2,2,Glu143Lys_run2_complex_RMSF.dat,Protein,125
33,Protein,1.1945,Glu143Lys,run2,2,Glu143Lys_run2_complex_RMSF.dat,Protein,126
34,Protein,1.553,Glu143Lys,run2,2,Glu143Lys_run2_complex_RMSF.dat,Protein,127
35,Protein,1.7512,Glu143Lys,run2,2,Glu143Lys_run2_complex_RMSF.dat,Protein,128
36,Protein,1.5591,Glu143Lys,run2,2,Glu143Lys_run2_complex_RMSF.dat,Protein,129
37,Protein,1.3596,Glu143Lys,run2,2,Glu143Lys_run2_complex_RMSF.dat,Protein,130
38,Protein,1.0748,Glu143Lys,run2,2,Glu143Lys_run2_complex_RMSF.dat,Protein,131
39,Protein,0.9008,Glu143Lys,run2,2,Glu143Lys_run2_complex_RMSF.dat,Protein,132
40,Protein,1.0038,Glu143Lys,run2,2,Glu143Lys_run2_complex_RMSF.dat,Protein,133
41,Protein,1.5409,Glu143Lys,run2,2,Glu143Lys_run2_complex_RMSF.dat,Protein,134
42,Protein,1.5347,Glu143Lys,run2,2,Glu143Lys_run2_complex_RMSF.dat,Protein,135
43,Protein,1.7349,Glu143Lys,run2,2,Glu143Lys_run2_complex_RMSF.dat,Protein,136
44,Protein,1.5593,Glu143Lys,run2,2,Glu143Lys_run2_complex_RMSF.dat,Protein,137
45,Protein,1.2701,Glu143Lys,run2,2,Glu143Lys_run2_complex_RMSF.dat,Protein,138
46,Protein,1.618,Glu143Lys,run2,2,Glu143Lys_run2_complex_RMSF.dat,Protein,139
47,Protein,1.8484,Glu143Lys,run2,2,Glu143Lys_run2_complex_RMSF.dat,Protein,140
48,Protein,1.6341,Glu143Lys,run2,2,Glu143Lys_run2_complex_RMSF.dat,Protein,141
49,Protein,1.7332,Glu143Lys,run2,2,Glu143Lys_run2_complex_RMSF.dat,Protein,142
50,Protein,2.166,Glu143Lys,run2,2,Glu143Lys_run2_complex_RMSF.dat,Protein,143
51,Protein,2.3586,Glu143Lys,run2,2,Glu143Lys_run2_complex_RMSF.dat,Protein,144
52,Protein,2.3834,Glu143Lys,run2,2,Glu143Lys_run2_complex_RMSF.dat,Protein,145
53,Protein,2.5762,Glu143Lys,run2,2,Glu143Lys_run2_complex_RMSF.dat,Protein,146
54,Protein,2.5236,Glu143Lys,run2,2,Glu143Lys_run2_complex_RMSF.dat,Protein,147
55,Protein,2.8266,Glu143Lys,run2,2,Glu143Lys_run2_complex_RMSF.dat,Protein,148
56,Protein,2.9648,Glu143Lys,run2,2,Glu143Lys_run2_complex_RMSF.dat,Protein,149
57,Protein,2.1284,Glu143Lys,run2,2,Glu143Lys_run2_complex_RMSF.dat,Protein,150
58,Protein,2.1596,Glu143Lys,run2,2,Glu143Lys_run2_complex_RMSF.dat,Protein,151
59,Protein,1.9302,Glu143Lys,run2,2,Glu143Lys_run2_complex_RMSF.dat,Protein,152
60,Protein,2.168,Glu143Lys,run2,2,Glu143Lys_run2_complex_RMSF.dat,Protein,153
61,Protein,1.7998,Glu143Lys,run2,2,Glu143Lys_run2_complex_RMSF.dat,Protein,154
62,Protein,1.3663,Glu143Lys,run2,2,Glu143Lys_run2_complex_RMSF.dat,Protein,155
63,Protein,1.427,Glu143Lys,run2,2,Glu143Lys_run2_complex_RMSF.dat,Protein,156
64,Protein,1.1448,Glu143Lys,run2,2,Glu143Lys_run2_complex_RMSF.dat,Protein,157
65,Protein,1.2843,Glu143Lys,run2,2,Glu143Lys_run2_complex_RMSF.dat,Protein,158
66,Protein,1.3082,Glu143Lys,run2,2,Glu143Lys_run2_complex_RMSF.dat,Protein,159
67,Protein,1.6189,Glu143Lys,run2,2,Glu143Lys_run2_complex_RMSF.dat,Protein,160
68,Protein,1.997,Glu143Lys,run2,2,Glu143Lys_run2_complex_RMSF.dat,Protein,161
69,Protein,3.064,Glu143Lys,run2,2,Glu143Lys_run2_complex_RMSF.dat,Protein,162
70,DNA,4.6738,Glu143Lys,run2,2,Glu143Lys_run2_complex_RMSF.dat,DNA,1
71,DNA,4.0382,Glu143Lys,run2,2,Glu143Lys_run2_complex_RMSF.dat,DNA,2
72,DNA,3.4812,Glu143Lys,run2,2,Glu143Lys_run2_complex_RMSF.dat,DNA,3
73,DNA,2.9526,Glu143Lys,run2,2,Glu143Lys_run2_complex_RMSF.dat,DNA,4
74,DNA,2.4132,Glu143Lys,run2,2,Glu143Lys_run2_complex_RMSF.dat,DNA,5
75,DNA,2.052,Glu143Lys,run2,2,Glu143Lys_run2_complex_RMSF.dat,DNA,6
76,DNA,1.8357,Glu143Lys,run2,2,Glu143Lys_run2_complex_RMSF.dat,DNA,7
77,DNA,1.8406,Glu143Lys,run2,2,Glu143Lys_run2_complex_RMSF.dat,DNA,8
78,DNA,1.7133,Glu143Lys,run2,2,Glu143Lys_run2_complex_RMSF.dat,DNA,9
79,DNA,1.6952,Glu143Lys,run2,2,Glu143Lys_run2_complex_RMSF.dat,DNA,10
80,DNA,1.8803,Glu143Lys,run2,2,Glu143Lys_run2_complex_RMSF.dat,DNA,11
81,DNA,1.8875,Glu143Lys,run2,2,Glu143Lys_run2_complex_RMSF.dat,DNA,12
82,DNA,1.8817,Glu143Lys,run2,2,Glu143Lys_run2_complex_RMSF.dat,DNA,13
83,DNA,1.8625,Glu143Lys,run2,2,Glu143Lys_run2_complex_RMSF.dat,DNA,14
84,DNA,1.8272,Glu143Lys,run2,2,Glu143Lys_run2_complex_RMSF.dat,DNA,15
85,DNA,1.8407,Glu143Lys,run2,2,Glu143Lys_run2_complex_RMSF.dat,DNA,16
86,DNA,1.9318,Glu143Lys,run2,2,Glu143Lys_run2_complex_RMSF.dat,DNA,17
87,DNA,2.1706,Glu143Lys,run2,2,Glu143Lys_run2_complex_RMSF.dat,DNA,18
88,DNA,2.6062,Glu143Lys,run2,2,Glu143Lys_run2_complex_RMSF.dat,DNA,19
89,DNA,3.329,Glu143Lys,run2,2,Glu143Lys_run2_complex_RMSF.dat,DNA,20
90,DNA,7.3056,Glu143Lys,run2,2,Glu143Lys_run2_complex_RMSF.dat,DNA,21
91,DNA,4.5525,Glu143Lys,run2,2,Glu143Lys_run2_complex_RMSF.dat,DNA,22
92,DNA,3.3376,Glu143Lys,run2,2,Glu143Lys_run2_complex_RMSF.dat,DNA,23
93,DNA,2.7613,Glu143Lys,run2,2,Glu143Lys_run2_complex_RMSF.dat,DNA,24
94,DNA,2.3706,Glu143Lys,run2,2,Glu143Lys_run2_complex_RMSF.dat,DNA,25
95,DNA,2.1779,Glu143Lys,run2,2,Glu143Lys_run2_complex_RMSF.dat,DNA,26
96,DNA,2.0571,Glu143Lys,run2,2,Glu143Lys_run2_complex_RMSF.dat,DNA,27
97,DNA,1.933,Glu143Lys,run2,2,Glu143Lys_run2_complex_RMSF.dat,DNA,28
98,DNA,1.7991,Glu143Lys,run2,2,Glu143Lys_run2_complex_RMSF.dat,DNA,29
99,DNA,1.6803,Glu143Lys,run2,2,Glu143Lys_run2_complex_RMSF.dat,DNA,30
100,DNA,1.6134,Glu143Lys,run2,2,Glu143Lys_run2_complex_RMSF.dat,DNA,31
101,DNA,1.4797,Glu143Lys,run2,2,Glu143Lys_run2_complex_RMSF.dat,DNA,32
102,DNA,1.5046,Glu143Lys,run2,2,Glu143Lys_run2_complex_RMSF.dat,DNA,33
103,DNA,1.6768,Glu143Lys,run2,2,Glu143Lys_run2_complex_RMSF.dat,DNA,34
104,DNA,1.9091,Glu143Lys,run2,2,Glu143Lys_run2_complex_RMSF.dat,DNA,35
105,DNA,1.8366,Glu143Lys,run2,2,Glu143Lys_run2_complex_RMSF.dat,DNA,36
106,DNA,1.8812,Glu143Lys,run2,2,Glu143Lys_run2_complex_RMSF.dat,DNA,37
107,DNA,2.0715,Glu143Lys,run2,2,Glu143Lys_run2_complex_RMSF.dat,DNA,38
108,DNA,2.45,Glu143Lys,run2,2,Glu143Lys_run2_complex_RMSF.dat,DNA,39
109,DNA,3.0918,Glu143Lys,run2,2,Glu143Lys_run2_complex_RMSF.dat,DNA,40
1,Protein,1.7251,Glu143Lys,run3,3,Glu143Lys_run3_complex_RMSF.dat,Protein,94
2,Protein,1.644,Glu143Lys,run3,3,Glu143Lys_run3_complex_RMSF.dat,Protein,95
3,Protein,1.65,Glu143Lys,run3,3,Glu143Lys_run3_complex_RMSF.dat,Protein,96
4,Protein,1.5667,Glu143Lys,run3,3,Glu143Lys_run3_complex_RMSF.dat,Protein,97
5,Protein,1.9203,Glu143Lys,run3,3,Glu143Lys_run3_complex_RMSF.dat,Protein,98
6,Protein,1.8498,Glu143Lys,run3,3,Glu143Lys_run3_complex_RMSF.dat,Protein,99
7,Protein,1.5438,Glu143Lys,run3,3,Glu143Lys_run3_complex_RMSF.dat,Protein,100
8,Protein,1.7011,Glu143Lys,run3,3,Glu143Lys_run3_complex_RMSF.dat,Protein,101
9,Protein,1.8893,Glu143Lys,run3,3,Glu143Lys_run3_complex_RMSF.dat,Protein,102
10,Protein,1.7066,Glu143Lys,run3,3,Glu143Lys_run3_complex_RMSF.dat,Protein,103
11,Protein,1.2648,Glu143Lys,run3,3,Glu143Lys_run3_complex_RMSF.dat,Protein,104
12,Protein,1.2131,Glu143Lys,run3,3,Glu143Lys_run3_complex_RMSF.dat,Protein,105
13,Protein,1.0076,Glu143Lys,run3,3,Glu143Lys_run3_complex_RMSF.dat,Protein,106
14,Protein,0.9669,Glu143Lys,run3,3,Glu143Lys_run3_complex_RMSF.dat,Protein,107
15,Protein,1.0219,Glu143Lys,run3,3,Glu143Lys_run3_complex_RMSF.dat,Protein,108
16,Protein,1.2565,Glu143Lys,run3,3,Glu143Lys_run3_complex_RMSF.dat,Protein,109
17,Protein,1.3637,Glu143Lys,run3,3,Glu143Lys_run3_complex_RMSF.dat,Protein,110
18,Protein,1.4039,Glu143Lys,run3,3,Glu143Lys_run3_complex_RMSF.dat,Protein,111
19,Protein,2.0554,Glu143Lys,run3,3,Glu143Lys_run3_complex_RMSF.dat,Protein,112
20,Protein,2.518,Glu143Lys,run3,3,Glu143Lys_run3_complex_RMSF.dat,Protein,113
21,Protein,3.0493,Glu143Lys,run3,3,Glu143Lys_run3_complex_RMSF.dat,Protein,114
22,Protein,3.6868,Glu143Lys,run3,3,Glu143Lys_run3_complex_RMSF.dat,Protein,115
23,Protein,3.4379,Glu143Lys,run3,3,Glu143Lys_run3_complex_RMSF.dat,Protein,116
24,Protein,2.6346,Glu143Lys,run3,3,Glu143Lys_run3_complex_RMSF.dat,Protein,117
25,Protein,1.8589,Glu143Lys,run3,3,Glu143Lys_run3_complex_RMSF.dat,Protein,118
26,Protein,1.4058,Glu143Lys,run3,3,Glu143Lys_run3_complex_RMSF.dat,Protein,119
27,Protein,1.161,Glu143Lys,run3,3,Glu143Lys_run3_complex_RMSF.dat,Protein,120
28,Protein,0.9647,Glu143Lys,run3,3,Glu143Lys_run3_complex_RMSF.dat,Protein,121
29,Protein,0.8765,Glu143Lys,run3,3,Glu143Lys_run3_complex_RMSF.dat,Protein,122
30,Protein,0.7726,Glu143Lys,run3,3,Glu143Lys_run3_complex_RMSF.dat,Protein,123
31,Protein,0.8063,Glu143Lys,run3,3,Glu143Lys_run3_complex_RMSF.dat,Protein,124
32,Protein,0.9763,Glu143Lys,run3,3,Glu143Lys_run3_complex_RMSF.dat,Protein,125
33,Protein,1.1601,Glu143Lys,run3,3,Glu143Lys_run3_complex_RMSF.dat,Protein,126
34,Protein,1.5741,Glu143Lys,run3,3,Glu143Lys_run3_complex_RMSF.dat,Protein,127
35,Protein,1.7953,Glu143Lys,run3,3,Glu143Lys_run3_complex_RMSF.dat,Protein,128
36,Protein,1.5887,Glu143Lys,run3,3,Glu143Lys_run3_complex_RMSF.dat,Protein,129
37,Protein,1.3591,Glu143Lys,run3,3,Glu143Lys_run3_complex_RMSF.dat,Protein,130
38,Protein,1.0482,Glu143Lys,run3,3,Glu143Lys_run3_complex_RMSF.dat,Protein,131
39,Protein,0.8854,Glu143Lys,run3,3,Glu143Lys_run3_complex_RMSF.dat,Protein,132
40,Protein,1.0687,Glu143Lys,run3,3,Glu143Lys_run3_complex_RMSF.dat,Protein,133
41,Protein,1.3905,Glu143Lys,run3,3,Glu143Lys_run3_complex_RMSF.dat,Protein,134
42,Protein,1.4971,Glu143Lys,run3,3,Glu143Lys_run3_complex_RMSF.dat,Protein,135
43,Protein,1.754,Glu143Lys,run3,3,Glu143Lys_run3_complex_RMSF.dat,Protein,136
44,Protein,1.5456,Glu143Lys,run3,3,Glu143Lys_run3_complex_RMSF.dat,Protein,137
45,Protein,1.2581,Glu143Lys,run3,3,Glu143Lys_run3_complex_RMSF.dat,Protein,138
46,Protein,1.681,Glu143Lys,run3,3,Glu143Lys_run3_complex_RMSF.dat,Protein,139
47,Protein,1.9028,Glu143Lys,run3,3,Glu143Lys_run3_complex_RMSF.dat,Protein,140
48,Protein,1.6265,Glu143Lys,run3,3,Glu143Lys_run3_complex_RMSF.dat,Protein,141
49,Protein,1.6997,Glu143Lys,run3,3,Glu143Lys_run3_complex_RMSF.dat,Protein,142
50,Protein,2.1885,Glu143Lys,run3,3,Glu143Lys_run3_complex_RMSF.dat,Protein,143
51,Protein,2.3908,Glu143Lys,run3,3,Glu143Lys_run3_complex_RMSF.dat,Protein,144
52,Protein,2.5148,Glu143Lys,run3,3,Glu143Lys_run3_complex_RMSF.dat,Protein,145
53,Protein,3.0542,Glu143Lys,run3,3,Glu143Lys_run3_complex_RMSF.dat,Protein,146
54,Protein,3.59,Glu143Lys,run3,3,Glu143Lys_run3_complex_RMSF.dat,Protein,147
55,Protein,3.3991,Glu143Lys,run3,3,Glu143Lys_run3_complex_RMSF.dat,Protein,148
56,Protein,3.5409,Glu143Lys,run3,3,Glu143Lys_run3_complex_RMSF.dat,Protein,149
57,Protein,2.4592,Glu143Lys,run3,3,Glu143Lys_run3_complex_RMSF.dat,Protein,150
58,Protein,2.3897,Glu143Lys,run3,3,Glu143Lys_run3_complex_RMSF.dat,Protein,151
59,Protein,2.0907,Glu143Lys,run3,3,Glu143Lys_run3_complex_RMSF.dat,Protein,152
60,Protein,2.5511,Glu143Lys,run3,3,Glu143Lys_run3_complex_RMSF.dat,Protein,153
61,Protein,2.2233,Glu143Lys,run3,3,Glu143Lys_run3_complex_RMSF.dat,Protein,154
62,Protein,1.5024,Glu143Lys,run3,3,Glu143Lys_run3_complex_RMSF.dat,Protein,155
63,Protein,1.5971,Glu143Lys,run3,3,Glu143Lys_run3_complex_RMSF.dat,Protein,156
64,Protein,1.2825,Glu143Lys,run3,3,Glu143Lys_run3_complex_RMSF.dat,Protein,157
65,Protein,1.5437,Glu143Lys,run3,3,Glu143Lys_run3_complex_RMSF.dat,Protein,158
66,Protein,1.413,Glu143Lys,run3,3,Glu143Lys_run3_complex_RMSF.dat,Protein,159
67,Protein,1.8447,Glu143Lys,run3,3,Glu143Lys_run3_complex_RMSF.dat,Protein,160
68,Protein,2.3643,Glu143Lys,run3,3,Glu143Lys_run3_complex_RMSF.dat,Protein,161
69,Protein,3.309,Glu143Lys,run3,3,Glu143Lys_run3_complex_RMSF.dat,Protein,162
70,DNA,4.6923,Glu143Lys,run3,3,Glu143Lys_run3_complex_RMSF.dat,DNA,1
71,DNA,3.9233,Glu143Lys,run3,3,Glu143Lys_run3_complex_RMSF.dat,DNA,2
72,DNA,3.2768,Glu143Lys,run3,3,Glu143Lys_run3_complex_RMSF.dat,DNA,3
73,DNA,2.7238,Glu143Lys,run3,3,Glu143Lys_run3_complex_RMSF.dat,DNA,4
74,DNA,2.2197,Glu143Lys,run3,3,Glu143Lys_run3_complex_RMSF.dat,DNA,5
75,DNA,1.9894,Glu143Lys,run3,3,Glu143Lys_run3_complex_RMSF.dat,DNA,6
76,DNA,1.7826,Glu143Lys,run3,3,Glu143Lys_run3_complex_RMSF.dat,DNA,7
77,DNA,1.7421,Glu143Lys,run3,3,Glu143Lys_run3_complex_RMSF.dat,DNA,8
78,DNA,1.7362,Glu143Lys,run3,3,Glu143Lys_run3_complex_RMSF.dat,DNA,9
79,DNA,1.6784,Glu143Lys,run3,3,Glu143Lys_run3_complex_RMSF.dat,DNA,10
80,DNA,1.8045,Glu143Lys,run3,3,Glu143Lys_run3_complex_RMSF.dat,DNA,11
81,DNA,1.8541,Glu143Lys,run3,3,Glu143Lys_run3_complex_RMSF.dat,DNA,12
82,DNA,1.8131,Glu143Lys,run3,3,Glu143Lys_run3_complex_RMSF.dat,DNA,13
83,DNA,1.7591,Glu143Lys,run3,3,Glu143Lys_run3_complex_RMSF.dat,DNA,14
84,DNA,1.7867,Glu143Lys,run3,3,Glu143Lys_run3_complex_RMSF.dat,DNA,15
85,DNA,1.8739,Glu143Lys,run3,3,Glu143Lys_run3_complex_RMSF.dat,DNA,16
86,DNA,1.9955,Glu143Lys,run3,3,Glu143Lys_run3_complex_RMSF.dat,DNA,17
87,DNA,2.233,Glu143Lys,run3,3,Glu143Lys_run3_complex_RMSF.dat,DNA,18
88,DNA,2.6536,Glu143Lys,run3,3,Glu143Lys_run3_complex_RMSF.dat,DNA,19
89,DNA,3.3424,Glu143Lys,run3,3,Glu143Lys_run3_complex_RMSF.dat,DNA,20
90,DNA,5.0772,Glu143Lys,run3,3,Glu143Lys_run3_complex_RMSF.dat,DNA,21
91,DNA,3.9508,Glu143Lys,run3,3,Glu143Lys_run3_complex_RMSF.dat,DNA,22
92,DNA,3.2257,Glu143Lys,run3,3,Glu143Lys_run3_complex_RMSF.dat,DNA,23
93,DNA,2.6843,Glu143Lys,run3,3,Glu143Lys_run3_complex_RMSF.dat,DNA,24
94,DNA,2.3353,Glu143Lys,run3,3,Glu143Lys_run3_complex_RMSF.dat,DNA,25
95,DNA,2.161,Glu143Lys,run3,3,Glu143Lys_run3_complex_RMSF.dat,DNA,26
96,DNA,2.0566,Glu143Lys,run3,3,Glu143Lys_run3_complex_RMSF.dat,DNA,27
97,DNA,1.9632,Glu143Lys,run3,3,Glu143Lys_run3_complex_RMSF.dat,DNA,28
98,DNA,1.8219,Glu143Lys,run3,3,Glu143Lys_run3_complex_RMSF.dat,DNA,29
99,DNA,1.7219,Glu143Lys,run3,3,Glu143Lys_run3_complex_RMSF.dat,DNA,30
100,DNA,1.6473,Glu143Lys,run3,3,Glu143Lys_run3_complex_RMSF.dat,DNA,31
101,DNA,1.5488,Glu143Lys,run3,3,Glu143Lys_run3_complex_RMSF.dat,DNA,32
102,DNA,1.4872,Glu143Lys,run3,3,Glu143Lys_run3_complex_RMSF.dat,DNA,33
103,DNA,1.4967,Glu143Lys,run3,3,Glu143Lys_run3_complex_RMSF.dat,DNA,34
104,DNA,1.6249,Glu143Lys,run3,3,Glu143Lys_run3_complex_RMSF.dat,DNA,35
105,DNA,1.7925,Glu143Lys,run3,3,Glu143Lys_run3_complex_RMSF.dat,DNA,36
106,DNA,1.9359,Glu143Lys,run3,3,Glu143Lys_run3_complex_RMSF.dat,DNA,37
107,DNA,2.1014,Glu143Lys,run3,3,Glu143Lys_run3_complex_RMSF.dat,DNA,38
108,DNA,2.3361,Glu143Lys,run3,3,Glu143Lys_run3_complex_RMSF.dat,DNA,39
109,DNA,2.8934,Glu143Lys,run3,3,Glu143Lys_run3_complex_RMSF.dat,DNA,40
